id,participant_id,scenario,context,form,knowledge,competent,well_prepared,knowledgeable,helpful,likeable,pedantic,t2_response,t2_knewExact,t2_notKnow,t2_fussyPerson,t2_easySpeaker,t2_usualApx,t2_needed,t2_realWorld,t2_purpose,t2_infoNotAvail,t2_infoAvail,t2_cautious,t2_presentation,t2_helpful,t2_easierHearer,t2_emphasis,t2_failure,t2_badInfo,t2_other,t3_appropriate,t3_giveMore,t3_avoidFalse,t3_didntKnow,t3_easierUnderstand,t3_soundSmart,t3_soundEasygoing,t3_easierSpeaker,t3_tooMuchInf,t3_none,t4_speakerType
1,931603,absence,lowPr,precise,unknown,5,5,7,6,6,6,Carter answered the question this way because he is not good in English ,0,0,0,0,0,0,0,0,0,0,0,0,0,0,0,1,0,0,0,0,0,0,0,0,0,0,0,1,5
2,931607,house,lowPr,precise,unknown,6,6,7,6,5,6,I assumed he knew the exact date because it was significant to him as a memory or experience of moving into the house. ,1,0,0,0,0,0,0,0,0,0,0,0,0,0,0,0,0,0,0,0,0,1,0,0,0,0,0,0,2
3,931615,conference,lowPr,precise,unknown,7,7,7,7,4,4,Logan is prepared and knows the exact number of attendees. I think this shows that Logan is knowledgeable and prepared.,1,0,0,0,0,0,0,0,0,0,0,0,0,0,0,0,0,0,0,1,0,1,0,0,0,0,0,0,2
4,931621,cinema,lowPr,precise,unknown,6,6,6,6,5,5,"I think they might have already considered leaving, and checked the movie runtime to know when that would be possible.",0,0,0,0,0,0,1,0,0,0,0,0,0,0,0,0,0,0,0,1,0,0,1,0,0,0,0,0,3
5,931624,conference,lowPr,precise,unknown,6,7,7,7,4,2,He knows the exact number of people who are confirmed to be attending. There was no need to say an estimated amount in this case.,1,0,0,0,0,1,0,0,0,0,0,0,0,0,0,0,0,0,1,1,0,0,0,0,0,0,0,0,6
6,931625,bike,lowPr,precise,unknown,5,6,5,6,4,2,Jamie wanted her friend to know EXACTLY how much the bike cost.,0,0,0,0,0,0,0,0,0,0,0,0,0,0,1,0,0,0,0,1,0,0,0,0,0,0,0,0,4
7,931626,cinema,lowPr,precise,unknown,6,6,6,6,4,6,"He probably did the math and looked it up to see the runtime, making him super prepared. ",0,0,0,0,0,0,0,0,0,0,0,0,0,0,0,0,0,0,1,0,0,0,1,0,0,0,0,0,4
8,931628,absence,lowPr,precise,unknown,7,7,7,7,5,4,"It's possible that Carter has been handling Mark's work while he's out, so he knows exactly how long Mark has been out. He would be counting the days since it is affecting him.",0,0,0,0,0,0,0,0,0,1,0,0,0,0,0,0,0,0,0,1,0,0,0,1,0,0,0,0,3
9,931629,bike,lowPr,precise,unknown,6,7,7,7,5,6,"I think Jamie wanted to come off like a ""know-it-all"" by giving the exact price of the bike right down to the cents, not realizing that if they wanted to be super helpful, they could have given the total WITH tax.",0,0,0,0,0,0,0,0,0,0,0,1,0,0,0,0,0,0,0,1,0,0,0,1,0,0,0,0,7
10,931633,conference,lowPr,precise,unknown,5,7,7,7,5,4,I think he answered this way to let his friend know exact details instead of offering a vague remark. ,0,0,0,0,0,0,0,0,0,0,0,0,0,0,0,0,0,0,1,1,0,0,0,0,0,0,0,0,4
11,931635,absence,lowPr,precise,unknown,6,6,6,6,5,5,The speaker Kept track of coworkers absence.,0,0,0,0,0,0,0,0,0,1,0,0,0,0,0,0,0,0,1,1,0,0,0,0,0,0,0,0,3
12,931636,house,lowPr,precise,unknown,7,7,6,7,5,7,"he's probably neurodivergent and his brain is more attuned to dates and less attuned to social norms, like using a more generalized date",0,0,1,0,0,0,0,0,0,0,0,0,0,0,0,0,0,0,0,0,0,0,0,1,0,1,0,1,3
13,931638,bike,lowPr,precise,unknown,5,4,4,5,4,4,She answered that way because she knew the exact cost of the bike so she gave the full detailed answer. ,1,0,0,0,0,0,0,0,0,0,0,0,0,0,0,0,0,0,1,1,0,0,0,0,0,0,0,0,2
14,931641,conference,lowPr,precise,unknown,7,7,7,7,6,4,They seem very data-driven.,0,0,1,0,0,0,0,0,0,0,0,0,0,0,0,0,0,0,1,1,0,0,0,0,0,1,0,0,6
15,931642,cooking,lowPr,precise,unknown,5,5,5,6,3,6,I think Taylor might be a very precise person who cares a lot about accuracy.,0,0,1,0,0,0,0,0,0,0,0,0,0,0,0,0,0,0,0,1,1,0,0,1,0,0,0,0,6
16,931644,absence,lowPr,precise,unknown,6,6,5,7,4,7,He is a person that is very precise with his words and answers.  He knows exactly when he last saw Mark.  He has a mind that is very good with dates.,1,0,1,0,0,0,0,0,0,0,0,0,0,0,0,0,0,0,0,0,0,0,0,0,0,1,0,0,6
17,931645,bike,lowPr,precise,unknown,5,6,6,7,4,3,He wanted to brag about the value of his bike,0,0,0,0,0,0,0,0,0,0,0,0,0,0,1,0,0,0,0,0,0,0,0,0,0,0,0,1,5
18,931646,bike,lowPr,precise,unknown,3,4,2,3,2,1,I think he wants his friend to know that he will be paying every dime involved to get the bicycle,0,0,0,0,0,0,1,0,0,0,0,0,0,0,1,0,0,0,1,0,1,0,1,1,0,0,0,0,1
19,931647,conference,lowPr,precise,unknown,4,3,6,3,4,4,Because he wanted to be concise,0,0,0,0,0,0,0,0,0,0,0,0,0,0,0,0,0,0,0,0,0,0,1,0,0,0,0,0,1
20,931648,cinema,lowPr,precise,unknown,5,6,5,5,3,6,"Quinn doesn't seem to be the person who rounds times. To Quinn 12 is a precise time, just as 11:47 is.",0,0,1,0,0,0,0,0,0,0,0,0,0,0,0,0,0,0,1,0,1,0,0,1,0,0,0,0,5
21,931650,conference,lowPr,precise,unknown,6,6,7,6,4,5,I think that Logan must be very involved and knowledgeable about the conference and knows exactly how many people have signed up.,1,0,0,0,0,0,0,0,0,0,0,0,0,0,0,0,0,0,1,1,0,0,0,0,0,0,0,0,3
22,931651,bike,lowPr,precise,unknown,7,6,7,7,6,2,To provide a more accurate cost,0,0,0,0,0,0,0,0,0,0,0,0,0,0,0,0,0,0,0,1,0,0,0,0,0,0,0,0,5
23,931652,absence,lowPr,precise,unknown,7,7,7,7,6,6,"I wonder if Carter has to perform Mark's work duties while Mark is away and Carter doesn't necessarily want to be doing Mark's duties for so long. Therefore, Carter is keenly aware of exactly how long Mark has been gone.",1,0,0,0,0,0,0,0,0,0,0,0,0,0,0,0,0,0,0,1,0,0,0,1,0,0,0,0,5
24,931655,cinema,lowPr,precise,unknown,6,6,5,5,5,4,"Some places close at 12, so he may be saying the exact time to show how much time they have to go out for drinks.",0,0,0,0,0,0,1,0,0,0,0,0,0,0,0,0,0,0,0,1,1,0,0,0,0,0,0,0,5
25,931656,absence,lowPr,precise,unknown,7,7,7,7,7,7,He was damn sure about his response,1,0,0,0,0,0,0,0,0,0,0,0,0,0,0,0,0,0,0,1,0,0,0,0,0,0,0,0,1
26,931657,cooking,lowPr,precise,unknown,4,4,4,4,4,6,Because they are very anal about being very precise about things.,0,0,1,0,0,0,0,0,0,0,0,0,0,0,0,0,0,0,0,0,0,0,0,0,0,1,0,0,6
27,931658,conference,lowPr,precise,unknown,6,6,6,6,6,2,I think Logan may be proud of and excited by the turnout. ,0,0,0,0,0,0,0,0,0,0,0,0,0,0,0,0,0,0,1,0,1,0,1,0,0,0,0,0,3
28,931659,cinema,lowPr,precise,unknown,2,4,2,5,4,3,because that is the exact time its gonna ellapse,0,0,0,0,0,0,0,0,0,0,0,0,0,0,0,0,0,0,1,0,0,0,1,0,0,0,1,0,3
29,931660,cinema,lowPr,precise,unknown,1,7,1,7,7,4,not to get late,0,0,0,0,0,0,1,0,0,0,0,0,0,0,0,0,0,0,0,0,1,0,0,0,0,0,1,0,7
30,931661,bike,lowPr,precise,unknown,7,6,6,7,6,3,"I think she was just being exact, and that is how some people are. ",0,0,1,0,0,0,0,0,0,0,0,0,0,0,0,0,0,0,0,0,0,0,0,0,0,0,0,1,5
31,931663,conference,lowPr,precise,unknown,5,4,6,6,4,4,Logan knew the exact number that were supposed to attend.,1,0,0,0,0,0,0,0,0,0,0,0,0,0,0,0,0,0,1,1,0,0,0,0,0,1,0,0,6
32,931665,absence,lowPr,precise,unknown,7,7,7,7,5,2,It may have been in a more official capacity and necessary knowledge the person required for a job task. Being more precise will be more valuable.,0,0,0,0,0,1,0,0,0,0,0,0,0,0,0,0,0,0,1,1,0,0,0,0,0,0,0,0,2
33,931667,conference,lowPr,precise,unknown,6,7,6,6,5,1,Because he knew the exact amount.,1,0,0,0,0,0,0,0,0,0,0,0,0,0,0,0,0,0,0,1,0,1,1,0,0,0,0,0,6
34,931669,cinema,lowPr,precise,unknown,3,6,2,4,5,4,To emphasize that this is not an appropriate time to get drinks,0,0,0,0,0,0,1,0,0,0,0,0,0,0,0,0,0,0,1,1,0,0,1,0,0,0,0,0,7
35,931670,cinema,lowPr,precise,unknown,7,7,7,7,4,7,They knew the exact time when the movie was going to end.,1,0,0,0,0,0,0,0,0,0,0,0,0,0,0,0,0,0,0,1,0,0,0,0,0,0,0,0,3
36,931673,absence,lowPr,precise,unknown,4,5,5,4,4,5,Certain types of people might answer this way. For example. an engineer or IT person might be more specific than general,0,0,1,0,0,0,0,0,0,0,0,0,0,0,0,0,0,0,0,1,0,0,0,1,0,0,0,0,3
37,931674,cinema,lowPr,precise,unknown,6,6,5,6,4,4,Because that is the time that would be provided by Google. ,0,0,0,0,0,0,0,0,0,1,0,0,0,0,0,0,0,0,1,1,0,0,1,0,0,0,0,0,3
38,931675,house,lowPr,precise,unknown,7,7,7,7,6,4,Because he knows the exact answer to the question asked,1,0,0,0,0,0,0,0,0,0,0,0,0,0,0,0,0,0,1,0,0,0,0,0,0,0,0,0,4
39,931678,absence,lowPr,precise,unknown,5,4,5,7,6,5,I think because they really miss him and care about him. That was why they exaggerated the expression ,0,0,0,0,0,0,0,0,0,0,0,0,0,0,1,0,0,0,0,1,0,0,0,0,0,0,0,0,7
40,931680,cooking,lowPr,precise,unknown,7,7,7,7,4,1,Taylor wanted to be as specific as possible so the food wouldn't be under or overcooked. ,0,0,0,0,0,0,1,1,0,0,0,0,0,0,0,0,0,0,1,1,0,0,0,0,0,0,0,0,2
41,931682,cinema,lowPr,precise,unknown,6,6,6,6,5,7,"I believe Quinn is a stickler for accuracy and preciseness, it's part of his personality.",0,0,1,0,0,0,0,0,0,0,0,0,0,0,0,0,0,0,0,1,1,0,0,0,0,1,0,0,7
42,931683,bike,lowPr,precise,unknown,7,6,6,7,6,6,They asked how much it cost and Jamie just happened to know the exact price. ,1,0,0,0,0,0,0,0,0,0,0,0,0,0,0,0,0,0,1,1,0,0,0,0,0,0,0,0,3
43,931684,absence,lowPr,precise,unknown,7,7,7,7,7,7,because he was being precise,0,0,0,0,0,0,0,0,0,0,0,0,0,0,0,0,0,0,1,1,0,0,1,0,0,0,0,0,2
44,931685,cooking,lowPr,precise,unknown,6,6,5,6,3,4,"Based on the very specific time response, Taylor seems to be attentive to details. This may be to an extreme given they chose the phrasing ""5 minutes and 13 seconds"" rather than an approximation.",0,0,1,0,0,0,0,0,0,0,0,0,0,0,0,0,0,0,0,0,0,1,0,1,0,0,0,0,5
45,931687,absence,lowPr,precise,unknown,6,7,7,7,4,4,Maybe this person is more analytical and prefers more precise thinking. ,0,0,1,0,0,0,0,0,0,0,0,0,0,0,0,0,0,0,0,1,0,0,0,0,0,0,0,0,4
46,931689,house,lowPr,precise,unknown,6,4,6,6,5,3,They may have an associate childhood memory which makes that date important.,0,0,0,0,0,0,0,0,0,0,0,0,0,0,0,0,0,0,0,1,0,0,0,0,0,1,0,0,5
47,931690,bike,lowPr,precise,unknown,6,6,6,7,6,6,he wanted to be specific,0,0,0,0,0,0,0,1,0,0,0,0,0,0,0,0,0,0,1,0,0,0,0,0,0,0,0,0,1
48,931692,absence,lowPr,precise,unknown,7,7,7,7,4,6,I think he may be really good with numbers,0,0,1,0,0,0,0,0,0,0,0,0,0,0,0,0,0,0,0,1,0,0,0,0,0,0,0,0,6
49,931693,bike,lowPr,precise,unknown,7,7,7,7,7,1,Matt be it's because it is close to$510 rather than $500,0,0,0,0,0,0,0,0,0,0,0,0,0,0,0,0,0,0,0,1,0,0,0,0,0,0,0,0,6
50,931695,conference,lowPr,precise,unknown,5,6,7,5,5,4,This makes the answer more precise making him look more knowledgeable. It is important to be accurate as possible in certain situations.,0,0,0,0,0,1,0,0,0,0,0,1,0,0,0,0,0,0,0,1,1,1,0,0,0,0,0,0,5
51,931697,house,lowPr,precise,unknown,5,5,6,6,6,5,to point out exactly how long is has been,0,0,0,0,0,0,0,0,0,0,0,0,0,0,1,0,0,0,1,0,0,0,0,0,0,0,0,0,4
52,931699,bike,lowPr,precise,unknown,6,6,7,5,5,4,They maybe have a thing about numbers and want to be very exact. Their way of thinking may be different or they just wanted to be dramatic and emphasize those extra dollars.,0,0,1,0,0,0,0,0,0,0,0,0,0,0,1,0,0,0,1,0,0,0,0,1,0,1,0,0,7
53,931701,bike,lowPr,precise,unknown,7,7,6,6,7,6,510,0,0,0,0,0,0,0,0,0,0,0,0,0,0,0,0,0,0,1,1,1,1,1,1,0,0,1,0,6
54,931703,cinema,lowPr,precise,unknown,4,4,4,5,4,4,"knowing what time the movie ended, he probably read it on what said the movie ended",0,0,0,0,0,0,0,0,0,1,0,0,0,0,0,0,0,0,1,0,0,0,0,0,0,0,0,0,6
55,931704,cinema,lowPr,precise,unknown,5,6,6,5,4,6,She wanted to show that she knew the exact time the movie ended.,1,0,0,0,0,0,0,0,0,0,0,1,0,0,0,0,0,0,0,1,0,1,0,1,0,0,0,0,5
56,931705,absence,lowPr,precise,unknown,5,5,5,5,4,4,There could be a number of reasons. Maybe the day was important and Carter remembered it. Maybe he was trying to be helpful. Maybe he is neurodivergent and remembering numbers is his thing.,0,0,1,0,0,0,0,0,0,0,0,0,1,0,0,0,0,0,0,1,1,0,0,0,0,0,0,0,4
57,931706,cooking,lowPr,precise,unknown,6,6,6,6,4,7,He was likely using a timer and reading what the display says.,0,0,0,0,0,0,0,0,0,1,0,0,0,0,0,0,0,0,0,1,0,0,0,0,0,0,0,0,4
58,931707,absence,lowPr,precise,unknown,5,4,6,6,4,6,he also noticed his absence and figured out how long it has been,1,0,0,0,0,0,0,0,0,0,0,0,0,0,0,0,0,0,0,1,0,0,0,0,0,0,0,0,6
59,931709,house,lowPr,precise,unknown,7,7,7,7,4,7,"He knew the exact date and was able to recall it, so he gave the more specific answer.",1,0,0,0,0,0,0,0,0,0,0,0,0,0,0,0,0,0,0,1,0,0,0,0,0,0,0,0,4
60,931710,cooking,lowPr,precise,unknown,5,5,5,4,4,4,"because they work in a restaurant so they probably deal with precise timings all the time, or this might not have been the first time Taylor was asked and the answer was in frustration",0,0,0,0,0,0,0,0,0,0,0,0,0,0,0,0,0,0,1,0,0,0,0,1,0,0,0,0,7
61,931711,cooking,lowPr,precise,unknown,6,7,6,6,5,4,I think Taylor has a timer set so she knows the exact time its been cooking,0,0,0,0,0,0,0,0,0,1,0,0,0,0,0,0,0,0,0,1,0,0,1,0,0,0,0,0,6
62,931715,bike,lowPr,precise,unknown,7,7,7,7,1,7,he is neurodivergent,0,0,1,0,0,0,0,0,0,0,0,0,0,0,0,0,0,0,0,1,0,0,0,0,0,1,0,0,7
63,931716,conference,lowPr,precise,unknown,7,7,7,5,4,4,He knew of the exact number of attendees so he told people,1,0,0,0,0,0,0,0,0,0,0,0,0,0,0,0,0,0,1,1,0,0,0,0,0,0,0,0,7
64,931717,cinema,lowPr,precise,unknown,6,6,5,6,5,2,I think that Quinn is a very precise person. Maybe Quinn works in a scientific field or mathematics. ,0,0,1,0,0,0,0,0,0,0,0,0,0,0,0,0,0,0,0,1,0,0,0,0,0,0,0,0,3
65,931718,cooking,lowPr,precise,unknown,7,7,7,7,7,7,"Taylor seems to be referencing the source of his knowledge, which is probably a timer.",0,0,0,0,0,0,0,0,0,1,0,0,0,0,0,0,0,0,1,0,0,0,0,0,0,1,0,0,4
66,931720,absence,lowPr,precise,unknown,7,7,6,7,7,4,Carter may have the characteristic to be precise when given information.,0,0,1,0,0,0,0,0,0,0,0,0,0,0,0,0,0,0,0,1,0,0,0,0,0,0,0,0,5
67,931721,house,lowPr,precise,unknown,7,6,7,6,6,6,He wanted to be precise on the date of which it was purchased.,0,0,0,0,0,0,0,1,0,0,0,0,0,0,0,0,0,0,0,1,0,0,1,0,0,0,0,0,4
68,931722,absence,lowPr,precise,unknown,5,6,6,5,3,6,"I think it could be that Carter is very close to Mark, so that is why he is so precise.",0,0,0,0,0,0,0,0,0,0,0,0,0,0,0,0,0,0,0,1,0,0,0,1,0,0,0,0,3
69,931723,house,lowPr,precise,unknown,7,7,7,7,6,2,So they could let Noah know for sure because of the preciseness,0,0,0,0,0,0,0,0,0,0,0,0,0,0,0,0,0,0,1,1,0,0,1,0,0,0,0,0,1
70,931724,bike,lowPr,precise,unknown,6,6,6,6,6,6,jamie could be particular and wanted to share the exact amount she got the bicycle for instead of just rounding ,0,0,1,0,0,0,0,1,0,0,0,0,0,0,0,0,0,0,1,1,0,0,1,0,0,0,0,0,5
71,931726,conference,lowPr,precise,unknown,6,6,6,6,6,6,I think that Logan wanted to be as precise as possible in regards to the question.,0,0,0,0,0,0,0,1,0,0,0,0,0,0,0,0,0,0,1,1,1,0,1,0,0,0,0,0,3
72,931727,cinema,lowPr,precise,unknown,6,7,6,7,5,5,"If Quinn knew the exact time then why WOULDN'T he say it?  13 minutes is very relevant.  It's not an insignificant amount of time.  So I would be confused if he didn't answer in this way, provided he factually knows the correct time.",1,0,0,0,0,1,0,0,0,0,0,0,0,0,0,0,0,0,1,1,1,0,1,0,0,0,0,0,1
73,931728,conference,lowPr,precise,unknown,4,4,3,4,3,4,Because he knew the most accurate number,1,0,0,0,0,0,0,0,0,0,0,0,0,0,0,0,0,0,0,1,1,0,0,1,0,0,0,0,7
74,931729,conference,lowPr,precise,unknown,6,7,7,6,6,7,Based on performance,0,0,0,0,0,0,0,0,0,0,0,0,0,0,0,0,0,0,0,0,0,0,1,0,0,0,0,0,6
75,931730,cooking,lowPr,precise,unknown,6,6,5,5,4,5,"I think maybe they are time conscious. I believe that they must like following to the letter or maybe they are doing it for Sidney's benefit, who may be more concerned about the details.",0,0,1,0,0,1,0,0,0,0,0,0,0,0,0,0,0,0,0,1,0,0,1,0,0,1,0,0,5
76,931732,house,lowPr,precise,unknown,7,7,7,7,4,7,"Dylan had the answer written down somewhere, or was looking at it on a sheet of paper. ",0,0,0,0,0,0,0,0,0,1,0,0,0,0,0,0,0,0,1,0,0,0,0,0,0,0,0,0,6
77,931733,conference,lowPr,precise,unknown,7,6,7,7,7,4,He knew the exact number,1,0,0,0,0,0,0,0,0,0,0,0,0,0,0,0,0,0,1,1,0,0,1,0,0,0,0,0,1
78,931734,cooking,lowPr,precise,unknown,6,6,6,6,6,6,She probably said it to try to be funny or maybe she was actually timing it and she wanted to give a specific answer. ,0,0,0,0,0,0,0,1,0,1,0,1,0,0,0,0,0,0,0,1,0,0,0,0,0,0,0,0,5
79,931735,house,lowPr,precise,unknown,5,6,5,6,6,6,That was a complete answer.  Gave all information as requested,0,0,0,0,0,0,0,0,0,0,0,0,0,0,0,0,0,0,0,1,0,0,0,0,0,1,0,0,7
80,931736,cooking,lowPr,precise,unknown,6,7,6,6,4,6,she was watching a timer,0,0,0,0,0,0,0,0,0,1,0,0,0,0,0,0,0,0,0,0,0,0,0,0,0,0,0,1,5
81,931737,cinema,lowPr,precise,unknown,6,5,6,6,5,4,Quinn seems to be the type of person to use very direct and literal communication.,0,0,1,0,0,0,0,0,0,0,0,0,0,0,0,0,0,0,1,0,0,0,1,0,0,1,0,0,1
82,931738,house,lowPr,precise,unknown,6,3,7,3,6,5,He knew the exact date.,1,0,0,0,0,0,0,0,0,0,0,0,0,0,0,0,0,0,0,1,0,0,0,0,0,0,0,0,2
83,931740,bike,lowPr,precise,unknown,5,7,7,6,4,6,Maybe he is a very specific kind of person. Some people prefer to be exactly correct and detailed. It seems as if Jamie falls into that category.,0,0,1,0,0,0,0,0,0,0,0,0,0,0,0,0,0,0,1,1,1,0,0,0,0,0,0,0,5
84,931741,conference,lowPr,precise,unknown,7,7,7,7,7,7,Because Logan knows the exact amount of attendees.,1,0,0,0,0,0,0,0,0,0,0,0,0,0,0,0,0,0,1,1,1,1,1,0,0,1,0,0,1
85,931742,cinema,lowPr,precise,unknown,4,4,4,4,4,4,Because that is what time the movie actually ended and he just answered the question.,0,0,0,0,0,0,0,0,0,0,0,0,0,0,0,0,0,0,1,1,0,0,1,0,0,0,0,0,3
86,931745,bike,lowPr,precise,unknown,7,7,7,7,6,2,"Jamie bought the bike recently, and because of that remembered the exact price and decided to share it to be thoughtful.",1,0,0,0,0,0,0,0,0,0,0,0,1,0,0,0,0,0,1,1,1,0,0,0,0,0,0,0,6
87,931759,bike,lowPr,precise,unknown,7,7,7,7,4,4,Jaime didnt want to deceive  her friend so she gave her the exact price she paid.,0,0,0,0,0,0,0,0,0,0,0,0,0,0,0,0,0,0,1,1,1,0,0,0,0,0,0,0,1
88,931807,cinema,lowPr,approx,unknown,5,4,4,5,4,1,Because it gives him time if it does end early ,0,0,0,0,0,0,1,0,0,0,0,0,0,0,0,0,0,0,0,0,0,0,1,0,0,0,0,0,5
89,931810,cinema,lowPr,approx,unknown,5,6,5,6,4,4,"I don't think a precise answer was necessary in this case. It is easier to think of it as 12, especially when deciding whether to go out afterward.",0,0,0,1,0,1,1,0,0,0,0,0,0,0,0,0,0,0,1,0,1,1,1,0,0,1,0,0,5
90,931813,absence,lowPr,approx,unknown,6,5,6,6,5,4,He answered that way because he did not need to be so precise about the last time he saw Mark. All he needed to convey was that it has been around that time since he had seen Mark.,0,0,0,0,0,1,0,0,0,0,0,0,0,0,0,0,0,0,1,0,1,1,1,0,0,1,1,0,2
91,931814,conference,lowPr,approx,unknown,5,5,5,4,4,5,"It is easier to give more rounded numbers especially for an event where people may show up last minute or back out last minute. Additionally, responding with a specific number seems less casual and a discussion between friends doesn't require such exact language.",0,0,0,1,1,1,0,0,1,0,0,0,0,0,0,0,0,0,1,0,1,0,1,0,1,1,1,0,5
92,931815,bike,lowPr,approx,unknown,6,5,5,5,5,2,He may have not known the exact price or thought it was silly to say the whole price.,0,1,0,0,0,0,0,0,0,0,0,0,0,0,0,0,0,0,0,0,0,1,1,0,0,0,0,0,7
93,931826,cinema,lowPr,approx,unknown,5,5,5,5,4,4,Quinn answered that way because they do not know the precise time that the movie ends.,0,1,0,0,0,0,0,0,0,0,0,0,0,0,0,0,0,0,1,0,1,1,0,0,0,1,0,0,7
94,931831,bike,lowPr,approx,unknown,4,4,5,6,4,4,Because they don't remember the exact price,0,1,0,0,0,0,0,0,0,0,0,0,0,0,0,0,0,0,0,0,0,1,0,0,0,0,0,0,5
95,931836,house,lowPr,approx,unknown,7,7,7,7,7,1,because he doesn't remember the exact date,0,1,0,0,0,0,0,0,0,0,0,0,0,0,0,0,0,0,0,0,0,1,0,0,0,0,0,0,4
96,931841,house,lowPr,approx,unknown,5,7,6,7,6,7,Because  Dylan he is very sure the house their parents bought has been in good shape which has been there for years,0,0,0,0,0,0,0,0,0,0,0,0,0,0,0,0,0,0,0,1,1,1,1,1,1,0,0,0,1
97,931842,conference,lowPr,approx,unknown,6,6,7,7,2,2,Because there are always some no-shows.,0,0,0,0,0,0,0,0,1,0,0,0,0,0,0,0,0,0,1,1,1,1,1,0,0,1,0,0,3
98,931844,cooking,lowPr,approx,unknown,5,5,5,5,4,4,"Because who does that? If they are competent to hold jobs in a restaurant, do they really have to time everything down to the second? Taylor is able to cook pasta for their lunch without being so anal about it. ",0,0,0,0,0,1,0,0,0,0,0,0,0,0,0,0,0,0,1,0,0,0,0,0,0,0,0,0,5
99,931845,house,lowPr,approx,unknown,7,6,7,7,6,5,Because he do not want to give full details,0,0,0,0,0,0,0,1,0,0,0,0,0,0,0,0,0,0,0,0,0,0,0,0,0,0,1,0,6
100,931848,cooking,lowPr,approx,unknown,7,7,7,7,7,4,Taylor is providing a approximate answer and the time could be more or less so to meet the expectations of answer to question she responds with ‚Äúaround 5 minutes‚Äù instead of saying ‚Äú I don‚Äôt know‚Äù to her friend.,0,0,0,0,0,1,0,0,0,0,0,0,0,0,0,0,0,0,1,1,1,1,0,0,1,0,0,0,7
101,931853,bike,lowPr,approx,unknown,5,5,5,6,6,1,Because Jamie may not remember the exact cost of the bike OR she'd rather reply casually with a round number,0,1,0,0,1,0,0,1,0,0,0,0,0,0,0,0,0,0,1,0,0,0,0,0,0,0,0,0,7
102,931855,conference,lowPr,approx,unknown,6,6,6,6,6,3,"If he is the organizer and has some experience at it, then I'm sure he understands that there are always variables in the final attendance numbers.",0,0,0,0,0,0,0,0,1,0,0,0,0,0,0,0,0,0,1,0,0,1,0,0,0,1,0,0,5
103,931860,cinema,lowPr,approx,unknown,5,7,4,7,5,1,"If they had answered at 11:47, then that would have been pedantic.",0,0,0,0,0,0,0,0,0,0,0,1,0,0,0,0,0,0,1,0,0,0,0,0,0,0,0,0,4
104,931861,bike,lowPr,approx,unknown,5,6,5,6,6,7,Because he do not want to be precise,0,0,0,0,0,0,0,1,0,0,0,0,0,0,0,0,0,0,0,0,0,0,0,0,0,1,0,0,5
105,931863,bike,lowPr,approx,unknown,5,5,5,5,5,2,"Generally, most people round up or down when giving the price of something because a specific number is hard to remember or not completely relevant.",0,0,0,1,1,1,0,0,0,0,0,0,0,0,0,0,0,0,1,0,1,1,0,0,1,1,0,0,7
106,931864,conference,lowPr,approx,unknown,4,5,5,6,5,4,some people who said they would be there might not show up,0,0,0,0,0,0,0,0,1,0,0,0,0,0,0,0,0,0,1,0,0,1,1,0,0,1,1,0,6
107,931867,cooking,lowPr,approx,unknown,6,5,6,5,5,3,"Probably because they aren't using a kitchen timer and test the pasta manually. If they were using a timer, Taylor would have been able to give a more precise answer. Or, if they were watching a clock and it was counting down, they would have had to do some math in their heads for a more precise answer. Taylor probably may have some difficulty with subtraction when the numbers keep changing. ",0,1,0,0,0,0,0,0,0,0,0,0,0,0,0,1,0,0,0,0,1,0,0,0,0,0,0,0,5
108,931868,conference,lowPr,approx,unknown,7,7,7,7,4,1,Because there might be attendees that cancel. It is hard to say exactly how many will turn up in actuality ,0,0,0,0,0,0,0,0,1,0,0,0,0,0,0,0,0,0,1,0,1,0,1,0,0,0,0,0,7
109,931871,bike,lowPr,approx,unknown,6,7,7,6,4,6,Probably because the bicycle cost changes depending on the day and month of purchase. ,0,0,0,0,0,0,0,0,1,0,0,0,0,0,0,0,0,0,1,0,0,0,1,0,0,1,1,0,4
110,931880,conference,lowPr,approx,unknown,5,2,2,7,4,3,It's because he is unsure of the exact number of attendees that is going to grace the event.,0,1,0,0,0,0,0,0,0,0,0,0,0,0,0,0,0,0,1,0,1,1,0,0,0,0,0,0,7
111,931885,cinema,lowPr,approx,unknown,7,6,6,7,7,4,Because not everyone is so anal as to nail everything down to the exact minute.,0,0,1,0,0,0,0,0,0,0,0,0,0,0,0,0,0,0,1,0,0,1,0,0,0,0,0,0,3
112,931887,conference,lowPr,approx,unknown,7,7,6,6,6,3,Because it is almost 150,0,0,0,0,0,0,0,0,0,0,0,0,0,0,0,0,0,0,0,0,0,0,1,0,0,1,1,0,7
113,931891,house,lowPr,approx,unknown,6,6,7,6,6,5,because he was to clarify that its been a long time,0,0,0,0,0,0,0,0,0,0,0,0,0,0,1,0,0,0,0,0,0,1,1,0,0,0,0,0,4
114,931893,cinema,lowPr,approx,unknown,6,7,6,5,6,2,"By the time you get out of the movie, use the restroom and head to your car you are likely closer to 12:00.",0,0,0,0,0,0,0,0,1,0,0,0,0,0,0,0,0,0,0,0,0,0,0,0,0,0,0,1,2
115,931897,absence,lowPr,approx,unknown,6,5,5,4,7,4,"it might be difficult to recall exactly how long he last saw his colleague and as such using ""a couple of weeks ago"" is very appropriate in such situation.",0,1,0,0,0,0,0,0,0,0,0,0,0,0,0,0,0,0,1,0,1,1,0,0,1,1,1,0,6
116,931902,cooking,lowPr,approx,unknown,5,5,5,5,5,4,He was not paying much attention to the exact amount of time that the pasta had been cooking,0,1,0,0,0,0,0,0,0,0,0,0,0,0,0,0,0,0,1,0,0,1,1,0,0,0,0,0,6
117,931903,absence,lowPr,approx,unknown,5,4,4,5,5,3,"Because this is a normal way to answer a general question.  2 weeks and 5 days ago would be almost three weeks, but also probably too much detail for someone to answer with a casual question.",0,0,0,0,1,1,0,0,0,0,0,0,0,0,0,0,0,0,1,0,1,1,1,0,1,1,0,0,6
118,931906,bike,lowPr,approx,unknown,4,3,3,5,5,3,easier to say and remember,0,0,0,1,0,0,0,0,0,0,0,0,0,1,0,0,0,0,0,0,0,1,1,0,1,0,0,0,6
119,931910,conference,lowPr,approx,unknown,7,7,7,7,6,1,There is no information that everyone who will sign up to go the conference has. Not everyone who signs up will make it. People also may come late or leave early. It would be inaccurate to respond with the exact number of persons who have signed up because that number is insofar unknown.,0,0,0,0,0,0,0,0,1,0,0,0,0,0,0,0,0,0,1,1,1,1,0,0,0,0,0,0,5
120,931911,bike,lowPr,approx,unknown,6,6,6,6,6,4,Because people tend to be informal in their speech with friends and they simply rounded to the nearest number.,0,0,0,0,1,0,0,0,0,0,0,0,0,0,0,0,0,0,1,0,0,0,1,0,1,0,0,0,5
121,931914,absence,lowPr,approx,unknown,4,5,5,5,5,5,Simply because he doesnt know the actual week,0,1,0,0,0,0,0,0,0,0,0,0,0,0,0,0,0,0,0,0,1,1,0,0,0,0,1,0,5
122,931921,cinema,lowPr,approx,unknown,7,5,6,7,6,6,He did this to make the another person not to forget ,0,0,0,0,0,0,1,0,0,0,0,0,0,0,0,0,0,0,0,0,0,1,0,0,0,0,0,0,7
123,931922,absence,lowPr,approx,unknown,7,7,7,7,7,1,"My guess would be that Carter was fairly certain that he saw Mark 2 weeks ago, but couldn't give an exact timeline.",0,1,0,0,0,0,0,0,0,0,0,0,0,0,0,0,0,0,0,0,1,1,0,0,0,0,0,0,5
124,931925,cinema,lowPr,approx,unknown,5,5,5,5,5,3,They may not remember exactly what time the movie ends,0,1,0,0,0,0,0,0,0,0,0,0,0,0,0,0,0,0,1,0,1,1,0,0,0,0,0,0,2
125,931926,bike,lowPr,approx,unknown,5,3,3,5,5,4,easy going ,0,0,0,0,0,0,0,0,0,0,0,0,0,0,0,0,0,0,1,0,0,1,1,0,1,1,0,0,7
127,931929,bike,lowPr,approx,unknown,7,7,7,7,7,4,Because I believe it likely had some tax on it so they just rounded the number.,0,0,0,0,0,0,0,0,1,0,0,0,0,0,0,0,0,0,0,0,0,1,1,0,0,0,0,0,7
128,931930,absence,lowPr,approx,unknown,5,3,4,4,6,6,maybe on a health related challange,0,0,0,0,0,0,0,0,0,0,0,0,0,0,0,0,0,0,0,0,1,1,0,0,0,0,0,0,5
129,931932,conference,lowPr,approx,unknown,7,7,7,7,7,7,She was hoping for more invitations to be excepted ,0,0,0,0,0,0,0,0,1,0,0,0,0,0,0,0,0,0,0,0,1,0,0,0,0,0,0,0,7
130,931934,cinema,lowPr,approx,unknown,7,7,7,7,7,6,"Quinn used the expression  ""at around 12"" because he does not know the precise time the movie would end.",0,1,0,0,0,0,0,0,0,0,0,0,0,0,0,0,0,0,0,0,0,1,0,0,0,0,0,0,2
131,931936,absence,lowPr,approx,unknown,5,4,4,4,5,4,Because that's the way most people talk.,0,0,0,0,1,0,0,0,0,0,0,0,0,0,0,0,0,0,1,0,0,1,1,0,0,1,0,0,6
132,931938,house,lowPr,approx,unknown,6,6,6,6,4,2,"Dylan probably did not know or remember the exact date, only the general time.",0,1,0,0,0,0,0,0,0,0,0,0,0,0,0,0,0,0,0,0,1,1,0,0,0,1,0,0,4
133,931944,bike,lowPr,approx,unknown,6,7,7,7,7,4,Because she was unsure of the exact amount and decided to round.,0,1,0,0,0,0,0,0,0,0,0,0,0,0,0,0,0,0,1,0,1,1,0,0,0,1,0,0,7
134,931945,bike,lowPr,approx,unknown,5,6,5,7,5,3,"I think he was trying to be casual rather than try to recall the exact number, he gave a round figure since it was less formal.",0,0,0,0,1,0,0,0,0,0,0,0,0,0,0,0,0,0,1,0,0,1,0,0,1,1,0,0,1
135,931946,absence,lowPr,approx,unknown,4,4,4,4,4,4,No reason,0,0,0,0,0,0,0,0,0,0,0,0,0,0,0,0,0,0,1,0,0,0,0,0,1,1,0,0,5
136,931948,conference,lowPr,approx,unknown,4,3,4,5,4,4,Because Logan doesn't know the exact amount.,0,1,0,0,0,0,0,0,0,0,0,0,0,0,0,0,0,0,0,0,0,1,0,0,0,0,0,0,1
137,931950,conference,lowPr,approx,unknown,4,3,3,2,3,4,I think the number 150 seems a lot more appealing than 146. It appears as if there are a lot more people in a way even though its only 4 more.,0,0,0,0,0,0,0,0,0,0,0,0,0,0,1,0,0,0,0,0,0,0,1,1,0,0,0,0,6
138,931951,conference,lowPr,approx,unknown,7,7,7,6,6,1,Logan isn't sure of the exact number and doesn't want to give a wrong figure.,0,1,0,0,0,0,0,0,0,0,1,0,0,0,0,0,0,0,0,0,1,1,0,0,0,0,0,0,7
139,931953,cinema,lowPr,approx,unknown,5,5,5,6,5,2,I think an estimate is an appropriate answer here since movie run times may go longer than people actually stick around for. Especially if the run time includes the credits.,0,0,0,0,0,0,0,0,1,0,0,0,0,0,0,0,0,0,1,0,1,1,1,0,1,1,0,0,5
140,931958,bike,lowPr,approx,unknown,5,6,5,6,4,1,They might be flexible with the price,0,0,0,0,0,0,0,0,1,0,0,0,0,0,0,0,0,0,0,0,0,0,0,0,1,0,0,0,2
141,931959,absence,lowPr,approx,unknown,4,4,3,3,4,4,Because he doesn't know exactly when he saw him but just giving an order of magnitude answer to the question. ,0,1,0,0,0,0,0,0,0,0,0,0,0,0,0,0,0,0,1,0,1,1,1,0,0,0,0,0,1
142,931960,absence,lowPr,approx,unknown,5,3,4,5,4,1,I think it is because he doesn't know the exact amount of time so he is using an approximation. ,0,1,0,0,0,0,0,0,0,0,0,0,0,0,0,0,0,0,0,0,0,1,0,0,0,0,0,0,2
143,931962,bike,lowPr,approx,unknown,5,5,5,5,5,1,I imagine Jamie didn't recall the exact figure paid.,0,1,0,0,0,0,0,0,0,0,0,0,0,0,0,0,0,0,0,0,0,1,1,0,0,1,0,0,6
144,931963,house,lowPr,approx,unknown,6,5,5,6,6,5,Dylan probably does not the exact date.,0,1,0,0,0,0,0,0,0,0,0,0,0,0,0,0,0,0,0,0,1,1,1,1,1,1,0,0,2
145,931964,cooking,lowPr,approx,unknown,6,6,6,6,7,4,Because it is food and it cannot be narrowed down to seconds,0,0,0,0,0,0,0,0,0,0,0,0,0,0,0,0,0,0,0,0,1,1,0,0,1,0,0,0,3
146,931967,cinema,lowPr,approx,unknown,5,4,5,5,5,4,Just to round up and make it easier to relay as a message quickly ,0,0,0,0,0,0,0,0,0,0,0,0,0,1,0,0,0,0,0,0,0,1,1,0,1,1,0,0,5
147,931968,absence,lowPr,approx,unknown,7,5,7,7,7,6,Carter might not have been that certain,0,1,0,0,0,0,0,0,0,0,0,0,0,0,0,0,0,0,0,0,0,1,1,0,1,1,1,0,5
148,931969,house,lowPr,approx,unknown,6,6,6,6,6,5,Because most people don't remember exact dates unless something significant happened like a birthday or marriage. Most people just keep a general timeline of when things happened.,0,1,0,0,0,0,0,0,0,0,0,0,0,0,0,0,0,0,1,0,0,1,0,0,0,0,0,0,6
149,931970,house,lowPr,approx,unknown,4,5,5,5,4,1,Most likely because he doesn't know or remember the exact date of purchase.,0,1,0,0,0,0,0,0,0,0,0,0,0,0,0,0,0,0,1,0,1,1,0,0,0,1,0,0,4
151,931977,absence,lowPr,approx,unknown,5,5,5,5,5,4,Easier to say and memory might not be 100% accurate to the day.,0,1,0,1,0,0,0,0,0,0,0,0,0,0,0,0,0,0,0,0,0,1,0,0,1,0,1,0,5
152,931978,cinema,lowPr,approx,unknown,1,1,1,1,1,1,"Yes, the movie ends at 12 pm. And sure we can get drinks after.",0,0,0,0,0,0,0,0,0,0,0,0,0,0,0,0,0,0,0,0,1,0,0,0,0,0,1,0,4
153,931980,absence,lowPr,approx,unknown,6,4,5,5,5,4,"Carter answered ""a couple of weeks ago"" because that is a more common and accepted way of speaking in a casual manner.",0,0,0,0,1,0,0,0,0,0,0,0,0,0,0,0,0,0,1,0,0,0,0,0,1,0,0,0,7
154,931981,cinema,lowPr,approx,unknown,6,5,6,6,6,1,"I think that is a normal way for people to speak in this situation, as an approximate time is enough information to answer the question. To answer specifically sounds a little odd.",0,0,0,0,1,1,0,0,0,0,0,0,0,0,0,0,0,0,1,0,0,0,1,0,1,1,0,0,7
155,931982,absence,lowPr,approx,unknown,5,4,3,4,5,5,Because he really don't know when he last saw Mark,0,1,0,0,0,0,0,0,0,0,0,0,0,0,0,0,0,0,0,0,1,0,0,0,0,0,0,0,2
156,931983,absence,lowPr,approx,unknown,5,5,5,6,5,4,Carter is likely not sure on the exact day.,0,1,0,0,0,0,0,0,0,0,0,0,0,0,0,0,0,0,0,0,1,1,0,0,0,0,0,0,6
158,931985,absence,lowPr,approx,unknown,4,5,3,4,4,1,Carter answered this way because he is not exactly sure how long it has been.,0,1,0,0,0,0,0,0,0,0,0,0,0,0,0,0,0,0,1,0,1,1,0,0,0,0,0,0,2
159,931986,cinema,lowPr,approx,unknown,7,6,6,7,6,4,They wanted to make sure the person knew a general time. Also sometimes things don't end exactly when they say they are going to. It depends on circumstances like if the movie starts on time or not.,0,0,0,0,0,0,0,0,1,0,0,0,0,0,0,0,0,0,0,0,1,0,1,0,0,1,0,0,3
160,931988,cooking,lowPr,approx,unknown,6,5,5,6,5,2,Taylor may have answered that way because he thought the 13 seconds was unnecessarily pedantic for the situation.,0,0,0,0,0,1,0,0,0,0,0,0,0,0,0,0,0,0,1,0,0,1,1,0,0,1,0,0,1
161,931991,bike,lowPr,approx,unknown,7,6,6,7,6,2,He is just estimating and that's completely okay,0,0,0,0,0,0,0,0,0,0,0,0,0,0,0,0,0,0,1,0,0,0,1,0,0,1,0,0,1
162,931992,bike,lowPr,approx,unknown,4,4,3,4,4,4,She rounded the cost to the nearest 100.,0,0,0,0,0,0,0,0,0,0,0,0,0,0,0,0,0,0,0,0,0,1,0,0,0,1,0,0,6
163,931993,house,lowPr,approx,unknown,5,5,5,5,4,5,The memory was a bit vague.,0,1,0,0,0,0,0,0,0,0,0,0,0,0,0,0,0,0,1,0,0,1,0,0,0,0,0,0,6
164,931994,bike,lowPr,approx,unknown,6,5,6,6,5,2,"I think she used the expression ""about $500"" because she probably wasn't the one that purchased the bicycle.",0,0,0,0,0,0,0,0,0,0,0,0,0,0,0,0,0,0,0,0,1,1,0,0,0,0,1,0,6
165,931995,absence,lowPr,approx,unknown,6,3,2,3,5,4,cause hes not so sure of the number of days ,0,1,0,0,0,0,0,0,0,0,0,0,0,0,0,0,0,0,0,0,1,1,0,0,0,0,0,0,5
166,931997,conference,lowPr,approx,unknown,5,5,5,5,4,4,"To give a more conversational answer. Also, perhaps the number may fluctuate somewhat before the event",0,0,0,0,1,0,0,0,1,0,0,0,0,0,0,0,0,0,0,0,1,0,0,0,1,0,0,0,5
167,931998,bike,lowPr,approx,unknown,4,4,6,6,5,7,Nice! Bikes can be a great investment. What kind of bike did you get,0,0,0,0,0,0,0,0,0,0,0,0,0,0,0,0,0,0,1,0,1,0,1,0,0,0,0,0,3
168,931999,cooking,lowPr,approx,unknown,6,5,5,5,6,6,She answered that way because she does not know the exact time she was estimating so she used about. ,0,1,0,0,0,0,0,0,0,0,0,0,0,0,0,0,0,0,1,0,1,1,0,0,0,0,0,0,6
169,932000,conference,lowPr,approx,unknown,6,6,6,5,2,4,"The attendees will depend on how many people will actually come, not everyone who was invited. ",0,0,0,0,0,0,0,0,1,0,0,0,0,0,0,0,0,0,0,0,1,1,0,0,0,0,0,0,6
170,932002,conference,lowPr,approx,unknown,6,5,4,6,4,4,Because he is probably rounding up the number to be safe.,0,0,0,0,0,0,0,0,0,0,1,0,0,0,0,0,0,0,0,0,1,0,1,0,0,0,0,0,7
171,932003,cooking,lowPr,approx,unknown,6,6,6,5,3,5,Because precision to the second is not required when cooking pasta.,0,0,0,0,0,1,0,0,0,0,0,0,0,0,0,0,0,0,1,0,0,0,1,0,0,0,0,0,6
172,932006,bike,lowPr,approx,unknown,7,7,7,7,7,6,I believe most people would answer the same exact way. Maybe Jamie could not remember the exact amount to the penny or maybe just wanted to round it off. ,0,1,0,0,1,0,0,1,0,0,0,0,0,0,0,0,0,0,1,0,0,1,1,0,1,1,1,0,7
173,932008,conference,lowPr,approx,unknown,6,6,6,6,6,6,HE WANTWED TO BE PRESIE,0,0,0,0,0,0,0,1,0,0,0,0,0,0,0,0,0,0,0,1,0,0,1,0,0,0,0,0,3
174,932010,cooking,lowPr,approx,unknown,6,6,6,6,5,4,Taylor estimated.,0,0,0,0,0,0,0,0,0,0,0,0,0,0,0,0,0,0,1,0,0,1,1,0,1,1,0,0,7
175,932011,conference,lowPr,approx,unknown,5,5,5,6,5,5,i believe his response is due to him not been very factual of the number of persons that will be attending. ,0,0,0,0,0,0,0,0,0,0,0,0,0,0,0,0,0,0,0,0,1,1,0,0,0,0,1,0,5
176,932012,house,lowPr,approx,unknown,4,5,5,5,4,3,He either didn't know the exact year it was purchased or he was being short for other reasons and didn't want to take longer to think or answer.,0,1,0,1,0,0,0,0,0,0,0,0,0,0,0,0,0,0,1,0,1,1,1,0,0,0,0,0,4
177,932013,cinema,lowPr,approx,unknown,5,5,5,6,5,2,It is normal and easier to simply say around 12. It would be weird if he used the exact time in dialogue.,0,0,0,1,1,0,0,0,0,0,0,0,0,0,0,0,0,0,1,0,0,0,1,0,0,1,0,0,7
178,932014,cinema,lowPr,approx,unknown,5,5,5,5,6,1,She didn't know the exact time it ends because she accounted for the unknown length  of movie trailers before the movie starts and other variables that she couldn't know for certain. ,0,1,0,0,0,0,0,0,1,0,0,0,0,0,0,0,0,0,0,0,1,1,0,0,0,0,0,0,2
179,932016,house,lowPr,approx,unknown,6,6,7,7,7,5,Because Noah did not actually asked the question in the sense that he want to know the exact date of purchase ,0,0,0,0,0,1,0,0,0,0,0,0,0,0,0,0,0,0,1,0,1,0,0,0,0,0,0,0,7
181,932022,conference,lowPr,approx,unknown,7,7,7,7,7,2,About 150 attendees  confirmed their attendance.,0,0,0,0,0,0,0,0,0,0,0,0,0,0,0,0,0,0,0,1,0,0,0,1,1,0,0,0,6
182,932023,cooking,lowPr,approx,unknown,5,6,6,6,5,5,it isn't usually appropriate to give the seconds,0,0,0,0,1,0,0,0,0,0,0,0,0,0,0,0,0,0,1,0,0,0,1,0,0,0,0,0,6
184,932027,house,lowPr,approx,unknown,4,5,4,6,4,1,Probably because he didn't know the exact year but knew the range,0,1,0,0,0,0,0,0,0,0,0,0,0,0,0,0,0,0,0,0,1,1,0,0,0,0,0,0,3
185,932028,cooking,lowPr,approx,unknown,7,7,7,7,7,4,Precision can only be measured to an extent when you're in a setting of service. It's better to just give an estimate.,0,0,0,0,0,0,0,0,1,0,0,0,0,0,0,0,0,0,1,1,1,0,1,0,0,1,0,0,6
186,932099,cinema,highPr,precise,unknown,5,6,5,5,5,6,I believe because they knew the answer to the question,1,0,0,0,0,0,0,0,0,0,0,0,0,0,0,0,0,0,1,1,0,0,1,0,1,1,0,0,6
187,932104,conference,highPr,precise,unknown,7,7,6,6,7,6,Because his sure of the exact number of attendee,1,0,0,0,0,0,0,0,0,0,0,0,0,0,0,0,0,0,1,1,0,0,0,0,0,0,0,0,7
188,932114,absence,highPr,precise,unknown,5,6,6,7,6,4,"Maybe because it's better to be specific with the Police, rather than give a guess.",0,0,0,0,0,0,0,0,0,0,0,0,0,0,0,0,0,0,0,1,0,0,0,0,0,0,0,0,1
189,932123,absence,highPr,precise,unknown,6,7,5,6,2,4,Either he is a very literal person or is nervous and answers specifically. ,0,0,1,0,0,0,0,0,0,0,0,0,0,0,0,1,0,0,0,1,1,0,0,0,0,0,0,0,5
190,932125,absence,highPr,precise,unknown,5,6,5,4,3,6,Because he knew the exact day he saw Mark and what day it was.  It also makes it seem like he's been counting up from the last time he saw him.,1,0,0,0,0,0,0,0,0,1,0,0,0,0,0,0,0,0,1,0,0,0,1,0,0,1,0,0,6
191,932132,cinema,highPr,precise,unknown,5,7,7,7,4,7,I believe that he responded in that way because of the time that the bus departs is very close to the movie ending. ,0,0,0,0,0,0,1,0,0,0,0,0,0,0,0,0,0,0,1,1,0,0,1,0,0,0,0,0,2
192,932134,bike,highPr,precise,unknown,6,6,5,6,4,1,"I assume because this person was speaking to an insurance agent, they felt the need to be precise out of self-preservation.",0,0,0,0,0,1,1,0,0,0,0,0,0,0,0,0,0,0,1,1,1,0,0,0,0,0,0,0,6
193,932136,cooking,highPr,precise,unknown,7,7,7,7,7,4,They answered this way because an important critic will want their dish to be exactly the way they ordered it and it has to be cooked a certain amount of time.,0,0,0,0,0,0,1,0,0,0,0,0,0,0,0,0,0,0,1,1,0,0,0,1,0,0,0,0,5
194,932137,cooking,highPr,precise,unknown,6,7,6,6,5,2,Because it is the most accurate way to determine if your food is cooked properly.,0,0,0,0,0,0,1,0,0,0,0,0,0,0,0,0,0,0,1,1,0,0,1,0,0,1,0,0,2
195,932139,cinema,highPr,precise,unknown,4,4,5,3,4,3,so she will know exactly how many minutes she has to get to her bus stop after the movie is over. ,0,0,0,0,0,0,1,0,0,0,0,0,0,0,0,0,0,0,1,1,0,1,1,0,0,0,0,0,1
196,932140,cinema,highPr,precise,unknown,4,4,4,3,4,4,because the bus time is a very specific time so a specific answer would be most helpful,0,0,0,0,0,0,0,0,0,0,0,0,1,0,0,0,0,0,1,1,0,0,0,0,0,0,0,0,1
197,932141,absence,highPr,precise,unknown,6,6,6,6,6,6,I believe that Carter prepared for the question,0,0,0,0,0,0,0,0,0,0,0,0,0,0,0,0,0,0,1,1,1,0,1,1,0,0,0,0,3
198,932142,house,highPr,precise,unknown,7,7,7,7,7,2,Since it is needed to fill out a form the information has to be exact,0,0,0,0,0,1,0,0,0,0,0,0,0,0,0,0,0,0,1,1,0,0,1,0,0,0,0,0,2
199,932143,absence,highPr,precise,unknown,5,7,6,6,4,5,To provide as specific information as possible to the police in order to try and help find their colleague.,0,0,0,0,0,0,1,0,0,0,0,0,1,0,0,0,0,0,1,1,0,0,1,0,0,0,0,0,6
200,932144,house,highPr,precise,unknown,6,7,6,7,5,6,He wanted to be as specific as possible for Noah to answer the form,0,0,0,0,0,0,0,1,0,0,0,0,0,0,0,0,0,0,1,1,0,0,1,0,0,0,0,0,3
201,932149,cooking,highPr,precise,unknown,7,7,7,7,6,4,they probably have it down to a science on how to cook the pasta so she was just being extra descriptive so they can both manage their time,0,0,0,0,0,0,1,0,0,0,0,0,0,0,0,0,0,0,1,0,0,0,0,0,0,0,0,0,6
202,932150,bike,highPr,precise,unknown,5,5,5,6,4,4,I think Jamie answered this way to give the insurance agent the entire amount they spent on the bicycle.,0,0,0,0,0,0,0,0,0,0,0,0,0,0,0,0,0,0,1,1,0,0,0,0,0,0,0,0,6
203,932152,bike,highPr,precise,unknown,7,7,5,5,4,4,"He wants to be able to get all of his money back so that he can remember the exact price, that is what he told the agent.",0,0,0,0,0,0,1,0,0,0,0,0,0,0,0,0,0,0,1,1,0,0,0,1,0,1,0,0,5
204,932153,cooking,highPr,precise,unknown,7,7,7,7,7,7,It is critical to cook the pasta perfectly.,0,0,0,0,0,0,1,0,0,0,0,0,0,0,0,0,0,0,1,1,0,0,0,0,0,0,0,0,6
205,932154,absence,highPr,precise,unknown,7,7,7,7,7,7,The police are asking him and he was prepared,0,0,0,0,0,0,0,0,0,0,0,0,0,0,0,0,0,0,1,1,1,0,1,0,0,1,0,0,1
206,932155,absence,highPr,precise,unknown,4,7,5,5,3,3,To be percise in the last day that he saw carter. It's weirdly percise though.,0,0,0,0,0,0,0,0,0,0,0,0,0,0,0,0,0,0,0,1,0,0,1,1,0,0,0,0,3
207,932157,bike,highPr,precise,unknown,6,7,6,6,6,4,So that he can be compensated appropriately,0,0,0,0,0,0,1,0,0,0,0,0,0,0,0,0,0,0,1,1,0,0,0,0,0,0,0,0,4
208,932158,bike,highPr,precise,unknown,6,7,6,7,6,4,To sound more realistic,0,0,0,0,0,0,0,0,0,0,0,0,0,0,0,0,0,0,0,1,1,1,1,1,1,0,0,0,1
209,932159,cinema,highPr,precise,unknown,7,6,6,7,5,6,He/she sounds like the type of person who values accuracy. ,0,0,1,0,0,0,0,0,0,0,0,0,0,0,0,0,0,0,0,1,1,0,0,0,0,0,0,0,3
210,932161,bike,highPr,precise,unknown,7,7,7,6,4,4,I believe she wanted to show she has her records straight and is prepared to file the insurance claim. It conveys that she is detail oriented.,0,0,0,0,0,0,0,0,0,0,0,1,0,0,0,0,0,0,1,1,0,0,0,0,0,0,0,0,5
211,932162,house,highPr,precise,unknown,7,7,7,7,4,6,"For this answer, Dylan realizes that precision is important. For legal paperwork, exact dates are needed, so an answer of ""in the early 1980s"" would be too broad for this purpose.",0,0,0,0,0,1,0,0,0,0,0,0,0,0,0,0,0,0,1,1,0,0,0,1,0,0,0,0,6
212,932163,cooking,highPr,precise,unknown,6,6,6,6,6,6,To be exact,0,0,0,0,0,0,0,0,0,0,0,0,0,0,0,0,0,0,1,1,1,0,0,0,0,0,0,0,1
213,932164,conference,highPr,precise,unknown,7,7,7,7,7,1,He gave the precise answer so extra sets were not ordered because they are expensive. ,0,0,0,0,0,0,1,0,0,0,0,0,0,0,0,0,0,0,1,1,1,0,0,0,0,0,0,0,5
214,932166,house,highPr,precise,unknown,7,7,6,7,6,3,Dylan probably answered the way he did because he is really confident in his answer and probably figured that they would need a pretty precise date for the insurance paperwork.,1,0,0,0,0,1,0,0,0,0,0,0,0,0,0,0,0,0,1,0,0,0,0,0,0,0,0,0,6
215,932167,cooking,highPr,precise,unknown,7,7,6,7,5,5,I think that Taylor answered that way because they are extremely precise. They may be noting the exact time also because of the food critic attending the restaurant currently.,0,0,1,0,0,0,0,0,0,1,0,0,0,0,0,0,0,0,1,1,0,1,0,0,0,0,0,0,5
216,932168,conference,highPr,precise,unknown,6,6,6,6,6,6,"It is a professional event that they had to have materials available for each participant. With something like that, you want to have an exact amount of materials prepared. ",0,0,0,0,0,0,1,0,0,0,0,0,0,0,0,0,0,0,1,0,0,0,0,0,0,0,0,0,7
217,932169,absence,highPr,precise,unknown,3,5,4,4,3,5,"It sounds suspicious to me, like Carter was being overly pedantic and precise and maybe trying to cover something up.",0,0,0,0,0,0,1,0,0,0,0,0,0,0,0,0,0,0,0,0,0,0,0,0,0,0,0,1,6
218,932170,conference,highPr,precise,unknown,7,7,7,7,7,1,"He was conscious of the fact that the materials were expensive and that there needed to be an accurate count, and he was answering the question correctly, which was ""how many people are registered"".",0,0,0,0,0,1,1,0,0,0,0,0,0,0,0,0,0,0,1,1,1,1,0,0,0,0,0,0,3
219,932171,house,highPr,precise,unknown,6,6,6,6,4,4,Because it was needed for a form that required a precise date.,0,0,0,0,0,1,0,0,0,0,0,0,0,0,0,0,0,0,1,1,0,0,0,0,0,0,0,0,4
220,932173,house,highPr,precise,unknown,7,7,7,7,4,2,The form needs a date for when the parents bought the house. An imprecise time frame would not be very helpful.,0,0,0,0,0,1,0,0,0,0,0,0,1,0,0,0,0,0,1,1,0,0,0,0,0,0,0,0,4
221,932174,absence,highPr,precise,unknown,4,6,6,5,6,5,I think he either wants to answer as accurate as possible for the police or this statement has been rehearsed,0,0,0,0,0,0,0,1,0,0,0,0,0,0,0,0,0,0,1,1,0,0,0,0,0,0,0,0,6
223,932176,absence,highPr,precise,unknown,6,7,6,5,5,4,I would guess he is prepared for the question and wants to come across as confident and sure of himself as possible. ,0,0,0,0,0,0,0,0,0,0,0,1,0,0,0,0,0,0,0,1,1,0,1,0,0,0,0,0,5
224,932178,house,highPr,precise,unknown,7,7,7,7,7,7,He wanted to be precise in his answer so that the information would be entered correctly on the form so it can be processed!,0,0,0,0,0,0,1,1,0,0,0,0,0,0,0,0,0,0,1,1,0,0,0,0,0,0,0,0,1
225,932180,bike,highPr,precise,unknown,7,7,7,7,5,7,Because she bought the bicycle her self and should know the exact price and she was already anticipating the question before placing the call.,1,0,0,0,0,0,0,0,0,0,0,0,0,0,0,0,0,0,1,1,1,0,1,0,0,0,0,0,6
226,932181,cooking,highPr,precise,unknown,7,6,7,7,6,7,Taylor most likely is an AI of some sort. Most humans do not give time stamps to the second.,0,0,1,0,0,0,0,0,0,0,0,0,0,0,0,0,0,0,0,1,0,1,0,0,0,0,0,0,7
227,932182,absence,highPr,precise,unknown,5,7,6,6,3,6,"To make it clear the exact moment they saw Mark last. Unless Carter is neurodivergant, there's very few people who would be that specific unless they knew the police would ask and they prepped or they wanted to make sure to have all the answers to avoid suspicion. Again though, Carter could be neurodivergant and it could just be them having a good memory",0,0,1,0,0,0,1,0,0,0,0,0,0,0,0,0,0,0,1,1,1,0,1,0,0,0,0,0,4
228,932184,cooking,highPr,precise,unknown,5,5,5,6,5,4,"I think she wanted to be as precise as possible since the food critic is coming. Maybe the timer also had a display that showed both minutes and seconds, so she was probably just reading directly off that. ",0,0,0,0,0,0,0,1,0,1,0,0,0,0,0,0,0,0,1,1,1,0,1,0,0,1,0,0,7
229,932185,house,highPr,precise,unknown,6,6,6,7,5,1,They need the exact date for the form,0,0,0,0,0,1,0,0,0,0,0,0,0,0,0,0,0,0,1,1,1,0,0,0,0,0,0,0,5
230,932186,bike,highPr,precise,unknown,7,7,7,7,4,3,"He likely wanted to be sure that the insurance received the correct amount the bike was worth. Also, having a specific number like that might make the cost seem more legitimate to the agent because it seems like Jamie looked up the price rather than guessed.",0,0,0,0,0,0,1,0,0,0,0,0,0,0,0,0,0,0,1,1,0,0,0,0,0,0,0,0,2
231,932188,cooking,highPr,precise,unknown,7,7,6,6,5,7,To give a more precise answer since they need the pasta to be perfect for the food critic. Giving an answer of 'around 5 minutes' could be wrong by plus or minus 30 seconds.,0,0,0,0,0,0,1,0,0,0,0,0,0,0,0,0,0,0,1,1,1,0,0,0,0,0,0,0,2
232,932189,house,highPr,precise,unknown,6,6,7,6,5,4,He must have known the exact date the house was bought. Which is most likely why he answered this way. ,1,0,0,0,0,0,0,0,0,0,0,0,0,0,0,0,0,0,1,1,0,0,0,0,0,0,0,0,2
233,932191,bike,highPr,precise,unknown,4,5,4,5,4,4,"To be prepared and exact. Also, the slightly higher price might help them out in the long run.",0,0,0,0,0,0,1,0,0,0,0,0,0,0,0,0,0,0,1,1,0,0,1,0,0,0,0,0,2
234,932192,bike,highPr,precise,unknown,6,7,5,7,5,6,He probably looked up the exact receipt for the bike and told them off of that.,0,0,0,0,0,0,0,0,0,1,0,0,0,0,0,0,0,0,1,1,1,0,0,0,0,0,0,0,1
235,932194,bike,highPr,precise,unknown,6,6,4,5,4,3,He was reading the receipt for the bicycle,0,0,0,0,0,0,0,0,0,1,0,0,0,0,0,0,0,0,1,0,0,0,0,0,0,0,0,0,3
236,932195,cinema,highPr,precise,unknown,5,6,6,5,5,1,She needed to be precise so that Avery knew exactly what time the movie end because of her bus constraints. ,0,0,0,0,0,1,1,0,0,0,0,0,0,0,0,0,0,0,1,1,0,1,0,0,0,0,0,0,2
237,932196,absence,highPr,precise,unknown,7,6,6,6,6,4,he prefers to be exact,0,0,0,0,0,0,0,1,0,0,0,0,0,0,0,0,0,0,1,1,0,0,1,0,0,0,0,0,2
238,932198,conference,highPr,precise,unknown,7,7,7,7,6,2,taylor wanted to make sure he had enough materials for everyone and logan probably wanted the exact number so that taylor wasn't making materials that were not going to be used.,0,0,0,0,0,1,1,0,0,0,0,0,0,0,0,0,0,0,1,1,0,0,0,0,0,0,0,0,6
239,932199,cinema,highPr,precise,unknown,7,7,7,7,7,3,"Because Avery asked him what time the movie ends, an exact time so he could see if he would have time to catch a bus.",0,0,0,0,0,0,1,0,0,0,0,0,0,0,0,0,0,0,1,1,0,1,0,0,0,0,0,0,1
240,932201,house,highPr,precise,unknown,7,7,6,7,6,4,I think Dylan answered that way because he knew the exact date the house was bought.,1,0,0,0,0,0,0,0,0,0,0,0,0,0,0,0,0,0,1,1,0,0,0,0,0,0,0,0,3
241,932202,cooking,highPr,precise,unknown,6,6,5,6,5,4,it is probably very important to have accurate measurements when cooking pasta as it can change the texture andd flavor of the dish,0,0,0,0,0,1,1,0,0,0,0,0,0,0,0,0,0,0,1,1,0,0,1,0,0,0,0,0,3
242,932203,bike,highPr,precise,unknown,7,7,7,7,7,7,Because when filing a claim its important to be as accurate as possible,0,0,0,0,0,1,0,0,0,0,0,0,0,0,0,0,0,0,1,1,1,0,1,1,0,0,0,0,2
243,932205,cooking,highPr,precise,unknown,7,7,7,7,5,3,"I think it's because both Taylor and Sidney know how long it will take for the pasta to cook, so they prefer to be overly specific. ",1,0,0,0,0,0,0,1,0,0,0,0,0,0,0,0,0,0,1,1,0,0,1,0,0,0,0,0,2
244,932206,cooking,highPr,precise,unknown,7,7,7,7,5,7,I think he answered that way because the process needs to be precise and the gravity of the situation requires him to be exact and proficient at what he is doing,0,0,0,0,0,1,0,0,0,0,0,0,0,0,0,0,0,0,1,1,0,0,0,0,0,0,0,0,7
245,932207,conference,highPr,precise,unknown,6,7,6,6,4,3,"I think Logan has direct access to registration, meaning they know the exact amount of attendees for the event. They're likely someone with high attention to detail.",1,0,1,0,0,0,0,0,0,0,0,0,0,0,0,0,0,0,1,1,0,0,0,0,0,0,0,0,5
246,932208,house,highPr,precise,unknown,6,6,6,7,4,2,"I think he answered it that way because he knew the exact answer, so there was no need to generalize.",1,0,0,0,0,0,0,0,0,0,0,0,0,0,0,0,0,0,1,1,1,0,1,0,0,0,0,0,2
247,932210,cooking,highPr,precise,unknown,7,7,6,6,5,4,"I imagine Taylor answered that way because they know the exact amount that the pasta must cook for, for it to be perfectly al dente. Either that, or they are just a very precise person when it comes to details like that and even more-so when it's their profession.",0,0,1,0,0,0,1,0,0,0,0,0,0,0,0,0,0,0,1,1,0,0,1,0,0,0,0,0,5
248,932211,conference,highPr,precise,unknown,7,7,7,7,7,7,Because the number of books should be exactly precise so they have enough for each person. ,0,0,0,0,0,1,1,0,0,0,0,0,0,0,0,0,0,0,1,0,0,0,0,0,0,0,0,0,2
249,932212,bike,highPr,precise,unknown,7,7,6,7,4,1,Because it was the honest truth on how much the bicycle cost and that is what insurance is for.,0,0,0,0,0,0,0,0,0,0,0,0,0,0,0,0,0,0,1,1,1,0,0,0,0,0,0,0,3
250,932213,absence,highPr,precise,unknown,6,6,5,6,4,6,He recognized police authority and seriousness of the interaction,0,0,0,0,0,0,0,0,0,0,0,0,0,0,0,0,0,0,1,1,1,0,1,0,0,0,0,0,6
251,932214,cooking,highPr,precise,unknown,7,6,6,6,5,6,I think that Sidney was asking how long the pasta has been cooking so Taylor responded with an exact answer. This might be important for pasta to be fully cooked and not overcooked. ,0,0,0,0,0,1,1,0,0,0,0,0,0,0,0,0,0,0,1,1,0,0,0,0,0,0,0,0,5
252,932215,house,highPr,precise,unknown,7,7,7,7,6,1,Because he knew the exact date the house was bought.,1,0,0,0,0,0,0,0,0,0,0,0,0,0,0,0,0,0,1,1,0,0,0,0,0,0,0,0,6
253,932216,house,highPr,precise,unknown,7,7,7,6,7,4,he answered that way because he is sure of the date.,1,0,0,0,0,0,0,0,0,0,0,0,0,0,0,0,0,0,1,1,0,0,1,0,0,1,0,0,2
254,932218,cinema,highPr,precise,unknown,7,7,7,7,6,1,Because in order for Avery to know if she had enough time to catch the bus it was important to be specific. In this way Avery knows exactly hoew much time she has to catch the bus,0,0,0,0,0,1,1,0,0,0,0,0,0,0,0,0,0,0,1,1,0,0,0,0,0,0,0,0,5
255,932219,conference,highPr,precise,unknown,6,6,6,6,6,4,He wanted to give an accurate representation of the actual number of attendees.,0,0,0,0,0,0,0,1,0,0,0,0,0,0,0,0,0,0,1,1,0,1,0,0,0,0,0,0,2
256,932220,cinema,highPr,precise,unknown,7,7,7,7,7,7,Because they know exactly when the movie is set to end.,1,0,0,0,0,0,0,0,0,0,0,0,0,0,0,0,0,0,1,1,0,0,0,0,0,0,0,0,1
257,932222,house,highPr,precise,unknown,7,6,7,7,7,6,he made sure he give him the full answer ,0,0,0,0,0,0,0,0,0,0,0,0,0,0,0,0,0,0,1,1,0,0,1,1,1,1,0,0,2
258,932223,bike,highPr,precise,unknown,7,7,7,6,4,6,"because he has a receipt for the bike and know exactly how much it cost, or found a similar one online at that price.",0,0,0,0,0,0,0,0,0,1,0,0,0,0,0,0,0,0,1,1,0,0,0,0,0,0,0,0,1
259,932224,absence,highPr,precise,unknown,5,6,6,4,4,5,To help clear himself from any charges against him.,0,0,0,0,0,0,1,0,0,0,0,0,0,0,0,0,0,0,1,1,0,0,0,0,0,0,0,0,2
260,932225,cinema,highPr,precise,unknown,6,6,6,6,5,5,Specifying the minutes would make a difference since the times are close to each other,0,0,0,0,0,1,0,0,0,0,0,0,0,0,0,0,0,0,0,1,1,0,0,0,0,0,0,0,4
261,932226,cinema,highPr,precise,unknown,7,7,7,6,6,1,Because the way the person who asked the question worded it required a precise answer.,0,0,0,0,0,1,0,0,0,0,0,0,0,0,0,0,0,0,1,1,0,0,0,0,0,0,0,0,4
262,932227,conference,highPr,precise,unknown,6,6,6,6,6,2,Logan wanted to be very accurate.,0,0,0,0,0,0,0,1,0,0,0,0,0,0,0,0,0,0,1,0,0,0,0,0,0,0,0,0,3
263,932228,conference,highPr,precise,unknown,7,6,7,6,4,5,"Because Taylor wants to prepare the right number, not about the right number.",0,0,0,0,0,0,1,0,0,0,0,0,0,0,0,0,0,0,1,0,0,0,0,0,0,0,0,0,1
264,932229,cooking,highPr,precise,unknown,4,6,5,5,4,6,Most likely because there is a presumed specific cook time for the pasta to reach the desired texture and he feels the need to be exact. ,0,0,0,0,0,1,1,0,0,0,0,0,0,0,0,0,0,0,1,1,0,0,1,0,0,0,0,0,6
265,932230,cinema,highPr,precise,unknown,7,7,7,7,7,7,To give Avery a sense of comfort knowing they'll have more time to reach their stop.,0,0,0,0,0,0,1,0,0,0,0,0,0,0,0,0,0,0,0,0,0,0,0,0,1,0,0,0,7
266,932231,cinema,highPr,precise,unknown,6,6,6,6,5,3,Because every minute mattered to whether or not Avery would be able to catch the bus.,0,0,0,0,0,1,1,0,0,0,0,0,0,0,0,0,0,0,0,1,1,0,1,0,0,0,0,0,5
267,932232,house,highPr,precise,unknown,7,7,7,7,7,4,because he knows the exact date,1,0,0,0,0,0,0,0,0,0,0,0,0,0,0,0,0,0,1,1,1,1,1,0,0,0,0,0,2
268,932234,conference,highPr,precise,unknown,7,7,7,7,7,1,Logan wanted to give an accurate answer so no money was wasted.,0,0,0,0,0,0,1,1,0,0,0,0,0,0,0,0,0,0,1,1,0,1,0,0,0,0,0,0,2
269,932235,conference,highPr,precise,unknown,6,6,6,6,4,1,I think it is because he has kept careful track of the number of attendees in order to properly prepare.,0,0,0,0,0,0,0,0,0,1,0,0,0,0,0,0,0,0,1,1,1,1,0,0,0,0,0,0,6
270,932236,bike,highPr,precise,unknown,6,6,4,6,6,4,Because that was the actual cost of the bike and not an approximation.  I doubt the insurance agent would not want a precise answer. ,0,0,0,0,0,1,0,0,0,0,0,0,0,0,0,0,0,0,1,1,0,0,0,0,0,0,0,0,4
271,932237,bike,highPr,precise,unknown,7,7,7,7,7,1,I think Jamie wanted to be very precise to the insurance agent about the total cost of the bicycle. Jamie wants the insurance agent to know the exact value of the bicycle that was stolen. ,0,0,0,0,0,0,0,1,0,0,0,0,0,0,0,0,0,0,0,1,1,1,0,0,0,0,0,0,6
273,932241,conference,highPr,precise,unknown,7,7,7,7,4,1,"That's the specific amount, which means you can prepare the right amount of materials and factor in an appropriate surplus if desired.",0,0,0,0,0,0,1,0,0,0,0,0,0,0,0,0,0,0,1,1,0,0,1,0,0,1,0,0,4
274,932243,cooking,highPr,precise,unknown,7,5,7,5,6,6,So to be precise with what he said,0,0,0,0,0,0,0,0,0,0,0,0,0,0,0,0,0,0,0,0,1,0,1,1,1,0,1,0,1
275,932249,absence,highPr,precise,unknown,6,6,6,6,5,6,"This may be a situation where Mark's health and/or life may be in danger, so Carrie saw fit to provide the most precise information possible in order to give the best help she is able to.",0,0,0,0,0,0,1,0,0,0,0,0,1,0,0,0,0,0,1,1,0,0,0,0,0,0,0,0,2
276,932250,house,highPr,precise,unknown,6,5,7,7,4,1,he knew the exact date,1,0,0,0,0,0,0,0,0,0,0,0,0,0,0,0,0,0,1,1,0,0,1,0,0,0,0,0,3
277,932267,conference,highPr,precise,unknown,7,7,7,7,5,4,He wanted to be exactly correct.,0,0,0,0,0,0,0,1,0,0,0,0,0,0,0,0,0,0,1,1,0,0,0,0,0,0,0,0,2
278,932277,cooking,highPr,approx,unknown,7,7,7,7,7,7,Because she provided the information necessary to see if it was al dente,0,0,0,0,0,1,0,0,0,0,0,0,0,0,0,0,0,0,1,0,0,0,1,0,0,1,0,0,2
279,932288,absence,highPr,approx,unknown,6,5,5,6,5,4,Because he's unsure of the exact date/time range he saw Mark last.,0,1,0,0,0,0,0,0,0,0,0,0,0,0,0,0,0,0,0,0,1,1,0,0,0,1,0,0,5
280,932289,conference,highPr,approx,unknown,5,5,5,5,5,2,Logan was not sure all 146 would attend.,0,0,0,0,0,0,0,0,1,0,0,0,0,0,0,0,0,0,0,0,0,1,1,0,0,0,0,0,6
281,932292,conference,highPr,approx,unknown,4,4,4,5,4,4,"I believe that Logan has some grasp on the number of attendees, but hasn't focused on the details.  He also may be guessing due to his perception of no-shows and the like.",0,1,0,0,0,0,0,0,1,0,0,0,0,0,0,0,0,0,0,0,1,0,0,0,0,0,0,0,5
282,932298,conference,highPr,approx,unknown,5,6,6,5,5,4,It's common to round when working with numbers that may vary.,0,0,0,0,1,0,0,0,0,0,0,0,0,0,0,0,0,0,1,0,1,0,1,0,0,1,1,0,5
283,932299,absence,highPr,approx,unknown,6,7,6,7,4,4,he is not too sure of the time,0,1,0,0,0,0,0,0,0,0,0,0,0,0,0,0,0,0,0,0,1,1,0,1,0,0,0,0,4
284,932304,absence,highPr,approx,unknown,7,6,7,7,7,4,Maybe he is not sure of the weeks,0,1,0,0,0,0,0,0,0,0,0,0,0,0,0,0,0,0,0,1,1,0,1,0,0,0,1,0,7
285,932305,cooking,highPr,approx,unknown,4,5,4,5,4,4,Taylor used the specific expression to give an estimate of time,0,0,0,0,0,0,0,0,0,0,0,0,0,0,0,0,0,0,1,0,1,0,1,0,0,1,0,0,4
286,932309,bike,highPr,approx,unknown,4,6,5,5,4,4,"He most likely didn't remember the exact amount of money, so he went with a guess estimate.",0,1,0,0,0,0,0,0,0,0,0,0,0,0,0,0,0,0,0,0,0,1,0,0,0,0,0,0,7
287,932310,cinema,highPr,approx,unknown,7,7,6,6,5,4,Because they don't know the exact time because of movie previews and things but is assuming the time based on the length of the movie,0,1,0,0,0,0,0,0,0,0,0,0,0,0,0,0,0,0,0,0,0,1,0,0,0,0,0,0,3
288,932311,bike,highPr,approx,unknown,4,1,2,3,4,1,"I would guess Jamie said ""about $500"" because s/he was not sure of the price of the bike.",0,1,0,0,0,0,0,0,0,0,0,0,0,0,0,0,0,0,0,0,0,1,0,0,0,0,0,0,1
289,932313,conference,highPr,approx,unknown,2,2,2,2,5,3,I think Logan hasn't checked for the exact number of participants and therefore doesn't know off the top of his head. ,0,1,0,0,0,0,0,0,0,0,0,0,0,0,0,0,0,0,0,0,0,0,0,0,0,0,0,1,5
290,932320,conference,highPr,approx,unknown,7,7,7,6,5,7,maybe hes not sure about the precise number,0,1,0,0,0,0,0,0,0,0,0,0,0,0,0,0,0,0,0,0,0,1,0,0,0,0,0,0,1
291,932323,cooking,highPr,approx,unknown,6,7,7,4,6,4,I don't think she is necessarily timing the cooking to the second.  She may have experience that allows her to know when it is done.,0,0,0,0,0,0,0,0,1,0,0,0,0,0,0,0,0,0,1,0,0,1,0,0,0,0,0,0,7
292,932325,bike,highPr,approx,unknown,6,6,6,6,6,6,Because it sounds better.,0,0,0,0,0,0,0,0,0,0,0,0,0,0,0,0,0,0,0,0,0,0,1,0,1,0,0,0,5
293,932326,house,highPr,approx,unknown,4,3,3,3,4,1,Dylan likely does not know the exact date.,0,1,0,0,0,0,0,0,0,0,0,0,0,0,0,0,0,0,0,0,1,1,0,0,0,0,0,0,6
294,932327,bike,highPr,approx,unknown,7,7,7,7,7,4,"They only care about getting $500, not the whole amount.",0,0,0,0,0,0,1,0,0,0,0,0,0,0,0,0,0,0,0,0,0,1,1,0,0,1,0,0,4
295,932330,cooking,highPr,approx,unknown,6,6,6,6,4,5,"Because it‚Äôs most people answer, they don‚Äôt usually do second when referring to Time",0,0,0,0,1,0,0,0,0,0,0,0,0,0,0,0,0,0,0,0,0,0,0,0,0,1,0,0,3
296,932331,house,highPr,approx,unknown,4,4,4,4,4,4,Because he wants it to feel more casual and not so detailed,0,0,0,0,0,0,0,0,0,0,0,1,0,0,0,0,0,0,0,0,0,0,0,0,1,0,0,0,4
297,932333,cinema,highPr,approx,unknown,6,6,6,6,4,4,"I think Quinn might've answered that way because perhaps  they're not 100% sure about when the movie ends down to the minute. Sometimes the previews go on longer than you expect, and some people like to stay during the ending credits.",0,1,0,0,0,0,0,0,1,0,0,0,0,0,0,0,0,0,0,0,0,1,0,0,1,0,0,0,6
298,932335,cinema,highPr,approx,unknown,6,6,6,6,4,4,"Movies don't always start right on time, so giving an exact time is likely to be inaccurate. He also may not know exactly how long the movie is.",0,1,0,0,0,0,0,0,1,0,0,0,0,0,0,0,0,0,0,0,1,1,0,0,0,0,0,0,4
299,932336,conference,highPr,approx,unknown,6,6,5,6,4,3,"I think it allows the person some wiggle room to maneuver because if they do not the exact number, it seems close enough. It will also help them over prepare just in case that is necessary. ",0,1,0,0,0,0,1,0,0,0,1,0,0,0,0,0,0,0,0,0,1,1,0,0,1,0,0,0,6
300,932337,cinema,highPr,approx,unknown,2,2,2,2,4,2,Quinn didn't know exactly what time the movie would end. ,0,1,0,0,0,0,0,0,0,0,0,0,0,0,0,0,0,0,0,0,1,1,0,0,0,0,0,0,2
301,932338,house,highPr,approx,unknown,6,6,6,6,4,4,"Most likely he did not know the exact date, but could only estimate it based on their family history.",0,1,0,0,0,0,0,0,0,0,0,0,0,0,0,0,0,0,0,0,0,1,0,0,0,0,0,0,2
302,932339,house,highPr,approx,unknown,5,5,5,5,6,2,He probably had an estimate for when the parents bought the house but didn't have the exact information front and center in his mind. He might need to find a document to reference or do more digging to find the exact date they are looking for.,0,1,0,0,0,0,0,0,0,0,0,0,0,0,0,0,0,0,0,0,1,1,0,0,0,0,0,0,6
303,932341,cooking,highPr,approx,unknown,5,6,6,6,6,1,An exact time would sound snobby and just not how people generally talk.,0,0,0,0,1,0,0,0,0,0,0,1,0,0,0,0,0,0,1,0,0,1,1,0,0,1,0,0,7
304,932342,house,highPr,approx,unknown,3,3,4,4,4,4,because he does not know the specific date.,0,1,0,0,0,0,0,0,0,0,0,0,0,0,0,0,0,0,0,0,1,1,0,0,0,0,0,0,2
305,932347,bike,highPr,approx,unknown,4,5,4,4,4,4,He probably doesn't know the exact amount.,0,1,0,0,0,0,0,0,0,0,0,0,0,0,0,0,0,0,0,0,0,1,0,0,0,1,0,0,4
306,932348,bike,highPr,approx,unknown,5,4,5,6,6,5,I think Jamie was 100% sure and just estimated as close as she could get to provide and estimated price.,0,0,0,0,0,0,0,0,0,0,0,0,0,0,0,0,0,0,0,0,1,0,1,0,0,0,0,0,6
308,932351,house,highPr,approx,unknown,2,2,5,5,6,1,I assumed he didn't know the exact year and just knows around the time that they bought it.,0,1,0,0,0,0,0,0,0,0,0,0,0,0,0,0,0,0,0,0,1,1,0,0,0,0,0,0,2
309,932353,bike,highPr,approx,unknown,7,7,7,7,6,7,Maybe he didn't have the receipt in front of him and vaguely remembers it costing somewhere around $500.,0,1,0,0,0,0,0,0,0,0,0,0,0,0,0,0,0,0,0,0,0,1,0,0,0,0,0,0,6
310,932354,bike,highPr,approx,unknown,5,6,5,5,4,3,"He probably doesn't have his receipt or exact paperwork in front of him, but does remember approximately what he paid for the bike.",0,1,0,0,0,0,0,0,0,0,0,0,0,0,0,0,0,0,0,0,1,1,0,0,0,0,0,0,3
311,932355,cinema,highPr,approx,unknown,5,6,5,4,4,2,Because Quinn wasn't sure when exactly the movie would end.,0,1,0,0,0,0,0,0,0,0,0,0,0,0,0,0,0,0,0,0,1,1,0,0,0,0,0,0,7
312,932356,absence,highPr,approx,unknown,2,2,2,3,4,1,they don't remember a more exact timeframe,0,1,0,0,0,0,0,0,0,0,0,0,0,0,0,0,0,0,0,0,0,1,0,0,0,0,0,0,3
313,932357,conference,highPr,approx,unknown,7,7,7,7,7,6,He wasn't aware of exactly how many attendees there would be.,0,1,0,0,0,0,0,0,0,0,0,0,0,0,0,0,0,0,0,0,1,1,0,0,0,0,0,0,3
314,932358,absence,highPr,approx,unknown,3,3,3,3,4,2,They are not sure of the exact date when they last saw their colleague Mark,0,1,0,0,0,0,0,0,0,0,0,0,0,0,0,0,0,0,0,0,1,1,0,0,0,1,1,0,3
315,932363,cinema,highPr,approx,unknown,5,7,6,7,5,5,Quinn wanted to make it clear that Avery might miss the bus.,0,0,0,0,0,0,1,0,0,0,0,0,0,0,0,0,0,0,0,0,1,1,0,0,0,0,0,0,4
316,932365,cooking,highPr,approx,unknown,3,3,6,2,4,4,Because they did not actually know the correct answer and were just estimating,0,1,0,0,0,0,0,0,0,0,0,0,0,0,0,0,0,0,0,0,0,1,0,0,0,0,0,0,2
317,932366,bike,highPr,approx,unknown,5,5,5,4,5,4,In hopes that they offer more than 500.,0,0,0,0,0,0,1,0,0,0,0,0,0,0,0,0,0,0,0,0,1,0,0,0,0,0,1,0,5
318,932368,conference,highPr,approx,unknown,5,5,5,5,4,4,Logan was giving a estimate of how many were attending instead of actual number. ,0,0,0,0,0,0,0,0,0,0,0,0,0,0,0,0,0,0,0,0,1,1,0,0,0,1,0,0,3
319,932369,house,highPr,approx,unknown,6,5,6,6,6,5,He didn't know the exact information. ,0,1,0,0,0,0,0,0,0,0,0,0,0,0,0,0,0,0,0,0,0,1,0,0,0,0,0,0,1
320,932370,conference,highPr,approx,unknown,7,7,7,7,4,4,I think he rounded up a bit to give wiggle room. ,0,0,0,0,0,0,0,0,0,0,1,0,0,0,0,0,0,0,1,1,1,1,0,0,1,0,0,0,7
321,932372,house,highPr,approx,unknown,5,3,5,5,4,4,I don't think he knew the exact date and only had an estimate.,0,1,0,0,0,0,0,0,0,0,0,0,0,0,0,0,0,0,0,0,0,1,0,0,0,0,0,0,2
323,932375,cinema,highPr,approx,unknown,5,4,4,4,4,4,So her friend would be more likely to say yes.,0,0,0,0,0,0,1,0,0,0,0,0,0,0,0,0,0,0,0,0,0,0,0,0,0,1,0,1,3
324,932376,absence,highPr,approx,unknown,1,1,1,1,1,1,Carter isn't sure exactly when he last saw Mark so he didn't give specifics. ,0,1,0,0,0,0,0,0,0,0,0,0,0,0,0,0,0,0,0,0,1,1,0,0,0,1,1,0,1
325,932379,absence,highPr,approx,unknown,3,2,3,2,3,1,Maybe because he hasn't thought about exactly how long it had been.,0,1,0,0,0,0,0,0,0,0,0,0,0,0,0,0,0,0,0,0,0,1,0,0,0,1,0,0,3
326,932382,house,highPr,approx,unknown,5,3,4,4,5,4,He was not sure about the date ,0,1,0,0,0,0,0,0,0,0,0,0,0,0,0,0,0,0,0,0,1,1,0,0,0,0,0,0,5
327,932383,absence,highPr,approx,unknown,5,4,5,5,4,2,"Most people don't speak in expressions that precise. Saying ""a couple of weeks"" is usually sufficient and allows for some error.",0,0,0,0,1,1,0,0,0,0,0,0,0,0,0,0,0,0,1,0,1,1,0,0,0,1,0,0,6
328,932384,absence,highPr,approx,unknown,4,4,4,3,4,4,He probably couldn't remember the exact day of the last time he saw him. If Mark was just a colleague he probably didn't commit their interaction to memory. ,0,1,0,0,0,0,0,0,0,0,0,0,0,0,0,0,0,0,1,0,1,1,1,0,0,1,0,0,6
330,932387,bike,highPr,approx,unknown,7,7,6,7,5,4,"Not everyone remembers the exact price of what they paid for a specific thing such as a bicycle. Getting your bike stolen is not something you'd expect to happen everyday so knowing the exact price is not something you typically have to know off the bat. This was obviously an unexpected situation, and Jamie said ""about $500"" as a reasonable estimate on how much their bike cost them.",0,1,0,0,0,0,0,0,0,0,0,0,0,0,0,0,0,0,0,0,0,1,0,0,0,0,0,0,7
332,932391,conference,highPr,approx,unknown,5,3,6,4,5,1,He didn't know the exact number of attendees so estimated based on his existing knowledge. ,0,1,0,0,0,0,0,0,0,0,0,0,0,0,0,0,0,0,0,0,1,1,0,0,0,1,0,0,5
333,932393,absence,highPr,approx,unknown,4,4,4,4,4,4,He might be being intentionally vague but on the other hand sometimes it's hard to recall  a precise date for something that didn't seem significant at the time. ,0,1,0,0,0,0,0,1,0,0,0,0,0,0,0,0,0,0,0,0,1,1,0,0,0,1,1,0,3
334,932395,cinema,highPr,approx,unknown,4,3,4,4,3,3,He wanted to absolve responsibility in case he was wrong,0,0,0,0,0,0,0,0,0,0,1,0,0,0,0,0,0,0,0,0,1,1,0,0,0,1,0,0,3
335,932397,cinema,highPr,approx,unknown,5,5,5,5,5,5,"I think Quinn answered ""at around 12"" because he was not exactly sure what time that the movie would end. This may be due to lack of knowledge or could also be due to external factors such as the movie starting late due to in-theatre advertisements.",0,1,0,0,0,0,0,0,1,0,0,0,0,0,0,0,0,0,0,0,1,1,0,0,0,0,0,0,6
336,932398,cinema,highPr,approx,unknown,7,7,7,7,4,7,to imply that there is not enough time to go an see the movie ,0,0,0,0,0,0,1,0,0,0,0,0,0,0,0,0,0,0,1,0,0,0,1,0,0,1,1,0,3
337,932399,absence,highPr,approx,unknown,4,2,3,1,4,3,It's more common to say a couple of weeks ago then the exact amount of time ,0,0,0,0,1,0,0,0,0,0,0,0,0,0,0,0,0,0,0,0,0,1,1,0,0,1,0,0,3
338,932401,cinema,highPr,approx,unknown,5,5,6,6,5,2,Quinn probably answered that way because they didn't know for sure exactly what time the movie ends and just gave a best guess.,0,1,0,0,0,0,0,0,0,0,0,0,0,0,0,0,0,0,0,1,1,1,0,0,0,0,0,0,2
339,932402,bike,highPr,approx,unknown,4,4,4,4,4,4,"Forgot the actual number, it's an estimate or rounded up.",0,1,0,0,0,0,0,0,0,0,0,0,0,0,0,0,0,0,1,0,0,1,0,0,0,0,0,0,1
340,932403,conference,highPr,approx,unknown,6,5,5,6,4,3,"I think he answered that way because he isn't sure. Maybe not all attendees have confirmed thier registration, or he does not have the info infront of him. I would assume that if there was a finallized number or if he knew the exact number he would have givin a specific answer.",0,1,0,0,0,0,0,0,1,0,0,0,0,0,0,0,0,0,0,0,1,1,0,0,0,0,0,0,2
341,932404,bike,highPr,approx,unknown,5,5,4,4,5,4,Because they are probably not sure about the exact price. I doubt they have kept the receipt. ,0,1,0,0,0,0,0,0,0,0,0,0,0,0,0,0,0,0,0,0,0,1,1,0,0,1,0,0,6
342,932405,cinema,highPr,approx,unknown,5,6,6,6,5,2,"Because the movie could start a couple minutes late - or early. Either way, Avery won't make his bus.",0,0,0,0,0,0,1,0,1,0,0,0,0,0,0,0,0,0,1,0,1,1,0,0,0,0,0,0,2
343,932407,cinema,highPr,approx,unknown,4,4,4,4,4,4,Sometimes movies do not let out at a specific time.,0,0,0,0,0,0,0,0,1,0,0,0,0,0,0,0,0,0,0,0,0,1,0,0,0,0,0,0,3
345,932409,conference,highPr,approx,unknown,4,3,4,5,4,4,I believe he answered that way since he didnt know how many were attending off the top of his head.,0,1,0,0,0,0,0,0,0,0,0,0,0,0,0,0,0,0,1,0,0,1,0,0,0,0,0,0,3
346,932410,cooking,highPr,approx,unknown,2,2,2,2,4,2,i don't think taylor took careful note of when the pasta began cooking,0,1,0,0,0,0,0,0,0,0,0,0,0,0,0,0,0,0,0,0,0,1,0,0,0,0,0,0,6
347,932411,house,highPr,approx,unknown,4,4,5,5,4,1,I think Dylan answered that way because Dylan doesn't know the exact date that they purchased it. He was estimating a timeframe.,0,1,0,0,0,0,0,0,0,0,0,0,0,0,0,0,0,0,0,1,1,1,0,0,0,0,0,0,2
348,932412,absence,highPr,approx,unknown,5,4,4,5,5,4,"because you are not an event notebook, its a human",0,0,0,0,0,0,0,0,0,0,0,0,0,0,0,0,0,0,0,0,0,0,0,0,1,0,0,0,6
349,932413,conference,highPr,approx,unknown,5,6,6,6,5,4,150 is a round enough number and he probably does not have an exact number,0,1,0,0,0,0,0,0,0,0,0,0,0,0,0,0,0,0,1,1,0,1,0,0,0,0,0,0,3
350,932414,absence,highPr,approx,unknown,5,5,5,5,5,5,to be vague ,0,0,0,0,0,0,0,0,0,0,0,0,0,0,0,0,0,0,0,0,0,0,0,0,0,0,1,0,4
351,932415,cooking,highPr,approx,unknown,4,4,4,5,5,4,She cares but not THAT much.,0,0,0,0,0,0,0,0,0,0,0,0,0,0,0,0,0,0,0,0,0,1,0,0,0,1,0,0,2
352,932416,house,highPr,approx,unknown,6,7,5,6,6,3,He isn't sure.  ,0,1,0,0,0,0,0,0,0,0,0,0,0,0,0,0,0,0,0,0,1,1,0,0,0,0,0,0,3
353,932417,house,highPr,approx,unknown,7,7,7,7,7,1,He might have looked up the information and forgotten the exact date.,0,1,0,0,0,0,0,0,0,0,0,0,0,0,0,0,0,0,0,0,1,1,0,0,0,0,0,0,1
354,932418,house,highPr,approx,unknown,4,4,5,5,5,1,I don't think he knew the answer,0,1,0,0,0,0,0,0,0,0,0,0,0,0,0,0,0,0,0,0,1,1,0,0,0,0,0,0,5
355,932419,cinema,highPr,approx,unknown,6,6,6,7,5,6,I believe  Quin gave the estimated time to let her know that give or take it could run late so she may miss her bus,0,0,0,0,0,0,1,0,1,0,0,0,0,0,0,0,0,0,0,0,1,1,0,0,0,0,0,0,4
356,932421,cinema,highPr,approx,unknown,6,5,5,6,7,5,"Quinn expressed ""around 12"" to inform Avery that they would not able to catch the ending. Though it may end earlier, Quinn is considering time between leaving theatre or possible extra credits scene.",0,0,0,0,0,0,1,0,0,0,0,0,0,0,0,0,0,0,1,0,1,0,1,0,0,0,0,0,6
357,932422,cooking,highPr,approx,unknown,4,4,4,4,4,3,"He may not know exactly how long, or he may feel this answer is sufficient.",0,1,0,0,0,1,0,0,0,0,0,0,0,0,0,0,0,0,0,0,0,1,0,0,0,1,0,0,5
358,932423,absence,highPr,approx,unknown,4,3,3,2,4,4,It is normal human behavior and we wasn't screening for the exact thing to say to the cops.,0,0,0,0,1,0,0,0,0,0,0,0,0,0,0,0,0,0,0,0,0,0,0,0,0,1,0,0,4
359,932426,bike,highPr,approx,unknown,4,4,5,4,4,3,I think Jamie answered that way because they are averaging the cost or unsure of the exact price so giving an estimate. ,0,1,0,0,0,0,0,0,0,0,0,0,0,0,0,0,0,0,0,0,0,1,0,0,0,0,0,0,6
360,932427,absence,highPr,approx,unknown,1,1,1,1,1,4,It was just the thought that came into his mind.,0,0,0,1,0,0,0,0,0,0,0,0,0,0,0,0,0,0,1,0,0,1,0,0,0,0,0,0,5
361,932429,absence,highPr,approx,unknown,4,4,4,4,4,4,It's what most people would say. Not many people would give a precise a date.,0,0,0,0,1,0,0,0,0,0,0,0,0,0,0,0,0,0,1,0,0,0,1,0,0,1,0,0,5
362,932431,house,highPr,approx,unknown,6,5,6,6,5,6,I believe he answered this way as to not knowing the exact information. He gave out the best information he had to still be helpful in a sense. ,0,1,0,0,0,0,0,0,0,0,0,0,1,0,0,0,0,0,0,0,1,0,0,0,0,0,0,0,2
363,932433,cinema,highPr,approx,unknown,4,3,5,5,4,4,I think the ending time could vary depending on exactly when it starts,0,0,0,0,0,0,0,0,1,0,0,0,0,0,0,0,0,0,0,0,0,1,0,0,0,0,0,0,4
364,932434,cinema,highPr,approx,unknown,3,2,4,2,4,1,He didn't know the exact time,0,1,0,0,0,0,0,0,0,0,0,0,0,0,0,0,0,0,0,0,1,1,0,0,0,0,1,0,4
365,932435,cooking,highPr,approx,unknown,5,5,5,5,5,2,I think Taylor was being practical or maybe was just in a hurry and estimating the time. ,0,0,0,1,0,0,0,0,0,0,0,0,0,0,0,0,0,0,0,0,0,0,1,0,1,1,0,0,7
366,932437,cinema,highPr,approx,unknown,5,5,6,6,5,4,It's a guess.,0,1,0,0,0,0,0,0,0,0,0,0,0,0,0,0,0,0,0,0,0,1,0,0,0,0,0,0,3
367,932438,absence,highPr,approx,unknown,4,4,5,4,4,3,"I think this is just because he's not sure exactly when he saw him last, just that it was about two weeks ago.",0,1,0,0,0,0,0,0,0,0,0,0,0,0,0,0,0,0,0,1,0,1,0,0,0,1,0,0,3
368,932439,cinema,highPr,approx,unknown,5,4,5,5,5,3,"Movies don't start on exact times, and there are trailers, etc. They probably estimated based on start and run time of the movie.",0,0,0,0,0,0,0,0,1,0,0,0,0,0,0,0,0,0,0,0,0,1,0,0,0,0,0,0,4
369,932440,cooking,highPr,approx,unknown,3,3,3,4,4,1,Perhaps because Taylor didn't exactly time it with a stop watch.,0,1,0,0,0,0,0,0,0,0,0,0,0,0,0,0,0,0,0,0,0,1,0,0,0,0,0,0,4
370,932441,cinema,highPr,approx,unknown,6,6,5,6,5,4,"he is not sure exatctly when the movie will end, he just knows it will be around 12.",0,1,0,0,0,0,0,0,0,0,0,0,0,0,0,0,0,0,0,0,0,1,0,0,0,0,0,0,6
371,932442,cooking,highPr,approx,unknown,5,6,6,6,5,5,He was not unaware of the precise time it had been in nd estimated it.,0,1,0,0,0,0,0,0,0,0,0,0,0,0,0,0,0,0,1,0,0,0,0,1,0,0,0,0,5
372,932443,absence,highPr,approx,unknown,4,4,4,4,4,3,It's hard to know how long it's been when it's been multiple weeks. I think being exact isn't the point if it's wrong.,0,1,0,0,0,0,0,0,0,0,1,0,0,0,0,0,0,0,1,0,1,1,0,0,0,0,0,0,5
373,932448,house,highPr,approx,unknown,6,6,6,6,6,6,He wasn't sure of the exact date,0,1,0,0,0,0,0,0,0,0,0,0,0,0,0,0,0,0,0,0,0,0,0,0,0,0,0,1,6
374,932455,house,highPr,approx,unknown,5,6,7,5,6,3,She is not sure of the date and month,0,1,0,0,0,0,0,0,0,0,0,0,0,0,0,0,0,0,0,0,1,1,1,0,0,0,1,0,1
